input,target
"1. Приве, как дела?","Привет, как дела?"
2. Сегодня хршая погода,Сегодня хорошая погода
3. Я иду мага зин за хлебом,Я иду в магазин за хлебом
4. У меня есть новая машна,У меня есть новая машина
5. Сегодня я читаю книгу про историю,Сегодня я читаю книгу про историю
6. Мне нравится кататься на велосипеде летом,Мне нравится кататься на велосипеде летом
7. Я люблю есть мороженое в жару,Я люблю есть мороженое в жару
8. Мой друг приходит ко мне завтра,Мой друг приходит ко мне завтра
9. У меня есть домашнее задание по математике,У меня есть домашнее задание по математике
10. Сегодня я пойду в парк с друзьями,Сегодня я пойду в парк с друзьями
11. Я люблю смотреть футбол по телевизору,Я люблю смотреть футбол по телевизору
12. Мне нравится читать книги про фантастику,Мне нравится читать книги про фантастику
"13. У меня есть кот, его зовут Мурка","У меня есть кот, его зовут Мурка"
14. Сегодня я буду делать уроки,Сегодня я буду делать уроки
15. Мой любимый предмет в школе - информатика,Мой любимый предмет в школе - информатика
16. Я люблю играть в компьютерные игры,Я люблю играть в компьютерные игры
"17. У меня есть младший брат, ему 5 лет","У меня есть младший брат, ему 5 лет"
18. Сегодня я пойду в магазин с мамой,Сегодня я пойду в магазин с мамой
19. Мне нравится кататься на лыжах зимой,Мне нравится кататься на лыжах зимой
20. Я люблю есть шоколадные конфеты,Я люблю есть шоколадные конфеты
21. У меня есть домашняя работа по русскому языку,У меня есть домашняя работа по русскому языку
22. Сегодня я буду смотреть фильм про приключения,Сегодня я буду смотреть фильм про приключения
23. Мой друг учится в другом городе,Мой друг учится в другом городе
"24. Я люблю играть в спорт, особенно в футбол","Я люблю играть в спорт, особенно в футбол"
"25. У меня есть бабушка, она очень добрая","У меня есть бабушка, она очень добрая"
26. Сегодня я пойду в библиотеку,Сегодня я пойду в библиотеку
27. Мне нравится читать книги про историю,Мне нравится читать книги про историю
"28. Я люблю есть фрукты, особенно яблоки","Я люблю есть фрукты, особенно яблоки"
29. У меня есть домашнее задание по географии,У меня есть домашнее задание по географии
30. Сегодня я буду делать проект по науке,Сегодня я буду делать проект по науке
31. Мой любимый сезон - лето,Мой любимый сезон - лето
32. Я люблю кататься на велосипеде по трассе,Я люблю кататься на велосипеде по трассе
"33. У меня есть младшая сестра, ей 3 года","У меня есть младшая сестра, ей 3 года"
34. Сегодня я пойду в зоопарк с друзьями,Сегодня я пойду в зоопарк с друзьями
35. Мне нравится смотреть документальные фильмы,Мне нравится смотреть документальные фильмы
"36. Я люблю есть пирожные, особенно с вишней","Я люблю есть пирожные, особенно с вишней"
37. У меня есть домашняя работа по английскому языку,У меня есть домашняя работа по английскому языку
38. Сегодня я буду делать презентацию по истории,Сегодня я буду делать презентацию по истории
"39. Мой друг имеет собаку, ее зовут Беляш","Мой друг имеет собаку, ее зовут Беляш"
40. Я люблю играть в шахматы с друзьями,Я люблю играть в шахматы с друзьями
"41. У меня есть бабушка, она очень мудрая","У меня есть бабушка, она очень мудрая"
42. Сегодня я пойду в парк с семьей,Сегодня я пойду в парк с семьей
43. Мне нравится читать книги про фэнтези,Мне нравится читать книги про фэнтези
"44. Я люблю есть морепродукты, особенно креветки","Я люблю есть морепродукты, особенно креветки"
45. У меня есть домашнее задание по информатике,У меня есть домашнее задание по информатике
46. Сегодня я буду смотреть фильм про детектив,Сегодня я буду смотреть фильм про детектив
47. Мой любимый спорт - баскетбол,Мой любимый спорт - баскетбол
48. Я люблю играть в видеоигры с друзьями,Я люблю играть в видеоигры с друзьями
"49. У меня есть младший брат, ему 7 лет","У меня есть младший брат, ему 7 лет"
50. Сегодня я пойду в бассейн с семьей,Сегодня я пойду в бассейн с семьей
"51. Мне нравится слушать музыку, особенно классику","Мне нравится слушать музыку, особенно классику"
"52. Я люблю есть торты, особенно с клубникой","Я люблю есть торты, особенно с клубникой"
53. У меня есть домашняя работа по математике,У меня есть домашняя работа по математике
54. Сегодня я буду делать проект по экологии,Сегодня я буду делать проект по экологии
55. Мой любимый предмет в школе - физика,Мой любимый предмет в школе - физика
56. Я люблю кататься на коньках зимой,Я люблю кататься на коньках зимой
"57. У меня есть младшая сестра, ей 5 лет","У меня есть младшая сестра, ей 5 лет"
58. Сегодня я пойду в магазин с папой,Сегодня я пойду в магазин с папой
59. Мне нравится читать книги про приключения,Мне нравится читать книги про приключения
"60. Я люблю есть шашлыки, особенно из курицы","Я люблю есть шашлыки, особенно из курицы"
61. У меня есть домашнее задание по химии,У меня есть домашнее задание по химии
62. Сегодня я буду делать презентацию по географии,Сегодня я буду делать презентацию по географии
"63. Мой друг имеет кота, его зовут Вася","Мой друг имеет кота, его зовут Вася"
64. Я люблю играть в футбол с друзьями,Я люблю играть в футбол с друзьями
"65. У меня есть бабушка, она очень добрая","У меня есть бабушка, она очень добрая"
66. Сегодня я пойду в библиотеку с семьей,Сегодня я пойду в библиотеку с семьей
67. Мне нравится смотреть фильмы про комедию,Мне нравится смотреть фильмы про комедию
"68. Я люблю есть пиццу, особенно с pepperoni","Я люблю есть пиццу, особенно с pepperoni"
69. У меня есть домашняя работа по биологии,У меня есть домашняя работа по биологии
70. Сегодня я буду делать проект по истории,Сегодня я буду делать проект по истории
71. Мой любимый сезон - осень,Мой любимый сезон - осень
72. Я люблю кататься на велосипеде по городу,Я люблю кататься на велосипеде по городу
"73. У меня есть младший брат, ему 9 лет","У меня есть младший брат, ему 9 лет"
74. Сегодня я пойду в зоопарк с друзьями,Сегодня я пойду в зоопарк с друзьями
"75. Мне нравится слушать музыку, особенно поп-музыку","Мне нравится слушать музыку, особенно поп-музыку"
"76. Я люблю есть суши, особенно с лососем","Я люблю есть суши, особенно с лососем"
77. У меня есть домашнее задание по английскому языку,У меня есть домашнее задание по английскому языку
78. Сегодня я буду делать презентацию по науке,Сегодня я буду делать презентацию по науке
"79. Мой друг имеет собаку, ее зовут Дина","Мой друг имеет собаку, ее зовут Дина"
80. Я люблю играть в шахматы с друзьями,Я люблю играть в шахматы с друзьями
"81. У меня есть бабушка, она очень мудрая","У меня есть бабушка, она очень мудрая"
82. Сегодня я пойду в парк с семьей,Сегодня я пойду в парк с семьей
83. Мне нравится читать книги про фэнтези,Мне нравится читать книги про фэнтези
"84. Я люблю есть морепродукты, особенно креветки","Я люблю есть морепродукты, особенно креветки"
85. У меня есть домашнее задание по информатике,У меня есть домашнее задание по информатике
86. Сегодня я буду смотреть фильм про детектив,Сегодня я буду смотреть фильм про детектив
87. Мой любимый спорт - баскетбол,Мой любимый спорт - баскетбол
88. Я люблю играть в видеоигры с друзьями,Я люблю играть в видеоигры с друзьями
"89. У меня есть младший брат, ему 10 лет","У меня есть младший брат, ему 10 лет"
90. Сегодня я пойду в бассейн с семьей,Сегодня я пойду в бассейн с семьей
"91. Мне нравится слушать музыку, особенно классику","Мне нравится слушать музыку, особенно классику"
"92. Я люблю есть торты, особенно с клубникой","Я люблю есть торты, особенно с клубникой"
93. У меня есть домашняя работа по математике,У меня есть домашняя работа по математике
94. Сегодня я буду делать проект по экологии,Сегодня я буду делать проект по экологии
95. Мой любимый предмет в школе - физика,Мой любимый предмет в школе - физика
96. Я люблю кататься на коньках зимой,Я люблю кататься на коньках зимой
"97. У меня есть младшая сестра, ей 7 лет","У меня есть младшая сестра, ей 7 лет"
98. Сегодня я пойду в магазин с папой,Сегодня я пойду в магазин с папой
99. Мне нравится читать книги про приключения,Мне нравится читать книги про приключения
"100. Я люблю есть шашлыки, особенно из курицы","Я люблю есть шашлыки, особенно из курицы"
101. У меня есть домашнее задание по химии,У меня есть домашнее задание по химии
102. Сегодня я буду делать презентацию по географии,Сегодня я буду делать презентацию по географии
"103. Мой друг имеет кота, его зовут Вася","Мой друг имеет кота, его зовут Вася"
104. Я люблю играть в футбол с друзьями,Я люблю играть в футбол с друзьями
"105. У меня есть бабушка, она очень добрая","У меня есть бабушка, она очень добрая"
106. Сегодня я пойду в библиотеку с семьей,Сегодня я пойду в библиотеку с семьей
107. Мне нравится смотреть фильмы про комедию,Мне нравится смотреть фильмы про комедию
"108. Я люблю есть пиццу, особенно с pepperoni","Я люблю есть пиццу, особенно с pepperoni"
109. У меня есть домашняя работа по биологии,У меня есть домашняя работа по биологии
110. Сегодня я буду делать проект по истории,Сегодня я буду делать проект по истории
111. Мой любимый сезон - осень,Мой любимый сезон - осень
112. Я люблю кататься на велосипеде по городу,Я люблю кататься на велосипеде по городу
"113. У меня есть младший брат, ему 11 лет","У меня есть младший брат, ему 11 лет"
114. Сегодня я пойду в зоопарк с друзьями,Сегодня я пойду в зоопарк с друзьями
"115. Мне нравится слушать музыку, особенно поп-музыку","Мне нравится слушать музыку, особенно поп-музыку"
"116. Я люблю есть суши, особенно с лососем","Я люблю есть суши, особенно с лососем"
117. У меня есть домашнее задание по английскому языку,У меня есть домашнее задание по английскому языку
118. Сегодня я буду делать презентацию по науке,Сегодня я буду делать презентацию по науке
"119. Мой друг имеет собаку, ее зовут Дина","Мой друг имеет собаку, ее зовут Дина"
120. Я люблю играть в шахматы с друзьями,Я люблю играть в шахматы с друзьями
"121. У меня есть бабушка, она очень мудрая","У меня есть бабушка, она очень мудрая"
122. Сегодня я пойду в парк с семьей,Сегодня я пойду в парк с семьей
123. Мне нравится читать книги про фэнтези,Мне нравится читать книги про фэнтези
"124. Я люблю есть морепродукты, особенно креветки","Я люблю есть морепродукты, особенно креветки"
125. У меня есть домашнее задание по информатике,У меня есть домашнее задание по информатике
126. Сегодня я буду смотреть фильм про детектив,Сегодня я буду смотреть фильм про детектив
127. Мой любимый спорт - баскетбол,Мой любимый спорт - баскетбол
128. Я люблю играть в видеоигры с друзьями,Я люблю играть в видеоигры с друзьями
"129. У меня есть младший брат, ему 12 лет","У меня есть младший брат, ему 12 лет"
130. Сегодня я пойду в бассейн с семьей,Сегодня я пойду в бассейн с семьей
"131. Мне нравится слушать музыку, особенно классику","Мне нравится слушать музыку, особенно классику"
"132. Я люблю есть торты, особенно с клубникой","Я люблю есть торты, особенно с клубникой"
133. У меня есть домашняя работа по математике,У меня есть домашняя работа по математике
134. Сегодня я буду делать проект по экологии,Сегодня я буду делать проект по экологии
135. Мой любимый предмет в школе - физика,Мой любимый предмет в школе - физика
136. Я люблю кататься на коньках зимой,Я люблю кататься на коньках зимой
"137. У меня есть младшая сестра, ей 9 лет","У меня есть младшая сестра, ей 9 лет"
138. Сегодня я пойду в магазин с папой,Сегодня я пойду в магазин с папой
139. Мне нравится читать книги про приключения,Мне нравится читать книги про приключения
"140. Я люблю есть шашлыки, особенно из курицы","Я люблю есть шашлыки, особенно из курицы"
141. У меня есть домашнее задание по химии,У меня есть домашнее задание по химии
142. Сегодня я буду делать презентацию по географии,Сегодня я буду делать презентацию по географии
"143. Мой друг имеет кота, его зовут Вася","Мой друг имеет кота, его зовут Вася"
144. Я люблю играть в футбол с друзьями,Я люблю играть в футбол с друзьями
"145. У меня есть бабушка, она очень добрая","У меня есть бабушка, она очень добрая"
146. Сегодня я пойду в библиотеку с семьей,Сегодня я пойду в библиотеку с семьей
147. Мне нравится смотреть фильмы про комедию,Мне нравится смотреть фильмы про комедию
"148. Я люблю есть пиццу, особенно с pepperoni","Я люблю есть пиццу, особенно с pepperoni"
149. У меня есть домашняя работа по биологии,У меня есть домашняя работа по биологии
150. Сегодня я буду делать проект по истории,Сегодня я буду делать проект по истории
151. Мой любимый сезон - осень,Мой любимый сезон - осень
152. Я люблю кататься на велосипеде по городу,Я люблю кататься на велосипеде по городу
"153. У меня есть младший брат, ему 13 лет","У меня есть младший брат, ему 13 лет"
154. Сегодня я пойду в зоопарк с друзьями,Сегодня я пойду в зоопарк с друзьями
"155. Мне нравится слушать музыку, особенно поп-музыку","Мне нравится слушать музыку, особенно поп-музыку"
"156. Я люблю есть суши, особенно с лососем","Я люблю есть суши, особенно с лососем"
157. У меня есть домашнее задание по английскому языку,У меня есть домашнее задание по английскому языку
158. Сегодня я буду делать презентацию по науке,Сегодня я буду делать презентацию по науке
"159. Мой друг имеет собаку, ее зовут Дина","Мой друг имеет собаку, ее зовут Дина"
160. Я люблю играть в шахматы с друзьями,Я люблю играть в шахматы с друзьями
"161. У меня есть бабушка, она очень мудрая","У меня есть бабушка, она очень мудрая"
162. Сегодня я пойду в парк с семьей,Сегодня я пойду в парк с семьей
163. Мне нравится читать книги про фэнтези,Мне нравится читать книги про фэнтези
"164. Я люблю есть морепродукты, особенно креветки","Я люблю есть морепродукты, особенно креветки"
165. У меня есть домашнее задание по информатике,У меня есть домашнее задание по информатике
166. Сегодня я буду смотреть фильм про детектив,Сегодня я буду смотреть фильм про детектив
167. Мой любимый спорт - баскетбол,Мой любимый спорт - баскетбол
168. Я люблю играть в видеоигры с друзьями,Я люблю играть в видеоигры с друзьями
"169. У меня есть младший брат, ему 14 лет","У меня есть младший брат, ему 14 лет"
170. Сегодня я пойду в бассейн с семьей,Сегодня я пойду в бассейн с семьей
"171. Мне нравится слушать музыку, особенно классику","Мне нравится слушать музыку, особенно классику"
"172. Я люблю есть торты, особенно с клубникой","Я люблю есть торты, особенно с клубникой"
173. У меня есть домашняя работа по математике,У меня есть домашняя работа по математике
174. Сегодня я буду делать проект по экологии,Сегодня я буду делать проект по экологии
175. Мой любимый предмет в школе - физика,Мой любимый предмет в школе - физика
176. Я люблю кататься на коньках зимой,Я люблю кататься на коньках зимой
"177. У меня есть младшая сестра, ей 11 лет","У меня есть младшая сестра, ей 11 лет"
178. Сегодня я пойду в магазин с папой,Сегодня я пойду в магазин с папой
179. Мне нравится читать книги про приключения,Мне нравится читать книги про приключения
"180. Я люблю есть шашлыки, особенно из курицы","Я люблю есть шашлыки, especialmente из курицы"
181. У меня есть домашнее задание по химии,У меня есть домашнее задание по химии
182. Сегодня я буду делать презентацию по географии,Сегодня я буду делать презентацию по географии
"183. Мой друг имеет кота, его зовут Вася","Мой друг имеет кота, его зовут Вася"
184. Я люблю играть в футбол с друзьями,Я люблю играть в футбол с друзьями
"185. У меня есть бабушка, она очень добрая","У меня есть бабушка, она очень добрая"
186. Сегодня я пойду в библиотеку с семьей,Сегодня я пойду в библиотеку с семьей
187. Мне нравится смотреть фильмы про комедию,Мне нравится смотреть фильмы про комедию
"188. Я люблю есть пиццу, особенно с pepperoni","Я люблю есть пиццу, особенно с pepperoni"
189. У меня есть домашняя работа по биологии,У меня есть домашняя работа по биологии
190. Сегодня я буду делать проект по истории,Сегодня я буду делать проект по истории
191. Мой любимый сезон - осень,Мой любимый сезон - осень
192. Я люблю кататься на велосипеде по городу,Я люблю кататься на велосипеде по городу
"193. У меня есть младший брат, ему 15 лет","У меня есть младший брат, ему 15 лет"
194. Сегодня я пойду в зоопарк с друзьями,Сегодня я пойду в зоопарк с друзьями
"195. Мне нравится слушать музыку, особенно поп-музыку","Мне нравится слушать музыку, особенно поп-музыку"
"196. Я люблю есть суши, особенно с лососем","Я люблю есть суши, особенно с лососем"
197. У меня есть домашнее задание по английскому языку,У меня есть домашнее задание по английскому языку
198. Сегодня я буду делать презентацию по науке,Сегодня я буду делать презентацию по науке
"199. Мой друг имеет собаку, ее зовут Дина","Мой друг имеет собаку, ее зовут Дина"
200. Я люблю играть в шахматы с друзьями,Я люблю играть в шахматы с друзьями
"201. У меня есть бабушка, она очень мудрая","У меня есть бабушка, она очень мудрая"
202. Сегодня я пойду в парк с семьей,Сегодня я пойду в парк с семьей
203. Мне нравится читать книги про фэнтези,Мне нравится читать книги про фэнтези
"204. Я люблю есть морепродукты, особенно креветки","Я люблю есть морепродукты, особенно креветки"
205. У меня есть домашнее задание по информатике,У меня есть домашнее задание по информатике
206. Сегодня я буду смотреть фильм про детектив,Сегодня я буду смотреть фильм про детектив
207. Мой любимый спорт - баскетбол,Мой любимый спорт - баскетбол
208. Я люблю играть в видеоигры с друзьями,Я люблю играть в видеоигры с друзьями
"209. У меня есть младший брат, ему 16 лет","У меня есть младший брат, ему 16 лет"
210. Сегодня я пойду в бассейн с семьей,Сегодня я пойду в бассейн с семьей
"211. Мне нравится слушать музыку, особенно классику","Мне нравится слушать музыку, особенно классику"
"212. Я люблю есть торты, особенно с клубникой","Я люблю есть торты, особенно с клубникой"
213. У меня есть домашняя работа по математике,У меня есть домашняя работа по математике
214. Сегодня я буду делать проект по экологии,Сегодня я буду делать проект по экологии
215. Мой любимый предмет в школе - физика,Мой любимый предмет в школе - физика
216. Я люблю кататься на коньках зимой,Я люблю кататься на коньках зимой
"217. У меня есть младшая сестра, ей 13 лет","У меня есть младшая сестра, ей 13 лет"
218. Сегодня я пойду в магазин с папой,Сегодня я пойду в магазин с папой
219. Мне нравится читать книги про приключения,Мне нравится читать книги про приключения
"220. Я люблю есть шашлыки, особенно из курицы","Я люблю есть шашлыки, особенно из курицы"
221. У меня есть домашнее задание по химии,У меня есть домашнее задание по химии
222. Сегодня я буду делать презентацию по географии,Сегодня я буду делать презентацию по географии
"223. Мой друг имеет кота, его зовут Вася","Мой друг имеет кота, его зовут Вася"
224. Я люблю играть в футбол с друзьями,Я люблю играть в футбол с друзьями
"225. У меня есть бабушка, она очень добрая","У меня есть бабушка, она очень добрая"
226. Сегодня я пойду в библиотеку с семьей,Сегодня я пойду в библиотеку с семьей
227. Мне нравится смотреть фильмы про комедию,Мне нравится смотреть фильмы про комедию
"228. Я люблю есть пиццу, особенно с pepperoni","Я люблю есть пиццу, особенно с pepperoni"
229. У меня есть домашняя работа по биологии,У меня есть домашняя работа по биологии
230. Сегодня я буду делать проект по истории,Сегодня я буду делать проект по истории
231. Мой любимый сезон - осень,Мой любимый сезон - осень
232. Я люблю кататься на велосипеде по городу,Я люблю кататься на велосипеде по городу
"233. У меня есть младший брат, ему 17 лет","У меня есть младший брат, ему 17 лет"
234. Сегодня я пойду в зоопарк с друзьями,Сегодня я пойду в зоопарк с друзьями
"235. Мне нравится слушать музыку, особенно поп-музыку","Мне нравится слушать музыку, особенно поп-музыку"
"236. Я люблю есть суши, особенно с лососем","Я люблю есть суши, особенно с лососем"
237. У меня есть домашнее задание по английскому языку,У меня есть домашнее задание по английскому языку
238. Сегодня я буду делать презентацию по науке,Сегодня я буду делать презентацию по науке
"239. Мой друг имеет собаку, ее зовут Дина","Мой друг имеет собаку, ее зовут Дина"
240. Я люблю играть в шахматы с друзьями,Я люблю играть в шахматы с друзьями
"241. У меня есть бабушка, она очень мудрая","У меня есть бабушка, она очень мудрая"
242. Сегодня я пойду в парк с семьей,Сегодня я пойду в парк с семьей
243. Мне нравится читать книги про фэнтези,Мне нравится читать книги про фэнтези
"244. Я люблю есть морепродукты, особенно креветки","Я люблю есть морепродукты, особенно креветки"
245. У меня есть домашнее задание по информатике,У меня есть домашнее задание по информатике
246. Сегодня я буду смотреть фильм про детектив,Сегодня я буду смотреть фильм про детектив
247. Мой любимый спорт - баскетбол,Мой любимый спорт - баскетбол
248. Я люблю играть в видеоигры с друзьями,Я люблю играть в видеоигры с друзьями
"249. У меня есть младший брат, ему 18 лет","У меня есть младший брат, ему 18 лет"
250. Сегодня я пойду в бассейн с семьей,Сегодня я пойду в бассейн с семьей
"251. Мне нравится слушать музыку, особенно классику","Мне нравится слушать музыку, особенно классику"
"252. Я люблю есть торты, особенно с клубникой","Я люблю есть торты, особенно с клубникой"
253. У меня есть домашняя работа по математике,У меня есть домашняя работа по математике
254. Сегодня я буду делать проект по экологии,Сегодня я буду делать проект по экологии
255. Мой любимый предмет в школе - физика,Мой любимый предмет в школе - физика
256. Я люблю кататься на коньках зимой,Я люблю кататься на коньках зимой
"257. У меня есть младшая сестра, ей 15 лет","У меня есть младшая сестра, ей 15 лет"
258. Сегодня я пойду в магазин с папой,Сегодня я пойду в магазин с папой
259. Мне нравится читать книги про приключения,Мне нравится читать книги про приключения
"260. Я люблю есть шашлыки, особенно из курицы","Я люблю есть шашлыки, особенно из курицы"
261. У меня есть домашнее задание по химии,У меня есть домашнее задание по химии
262. Сегодня я буду делать презентацию по географии,Сегодня я буду делать презентацию по географии
"263. Мой друг имеет кота, его зовут Вася","Мой друг имеет кота, его зовут Вася"
264. Я люблю играть в футбол с друзьями,Я люблю играть в футбол с друзьями
"265. У меня есть бабушка, она очень добрая","У меня есть бабушка, она очень добрая"
266. Сегодня я пойду в библиотеку с семьей,Сегодня я пойду в библиотеку с семьей
267. Мне нравится смотреть фильмы про комедию,Мне нравится смотреть фильмы про комедию
"268. Я люблю есть пиццу, особенно с pepperoni","Я люблю есть пиццу, особенно с pepperoni"
269. У меня есть домашняя работа по биологии,У меня есть домашняя работа по биологии
270. Сегодня я буду делать проект по истории,Сегодня я буду делать проект по истории
271. Мой любимый сезон - осень,Мой любимый сезон - осень
272. Я люблю кататься на велосипеде по городу,Я люблю кататься на велосипеде по городу
"273. У меня есть младший брат, ему 19 лет","У меня есть младший брат, ему 19 лет"
274. Сегодня я пойду в зоопарк с друзьями,Сегодня я пойду в зоопарк с друзьями
"275. Мне нравится слушать музыку, особенно поп-музыку","Мне нравится слушать музыку, особенно поп-музыку"
"276. Я люблю есть суши, особенно с лососем","Я люблю есть суши, особенно с лососем"
277. У меня есть домашнее задание по английскому языку,У меня есть домашнее задание по английскому языку
278. Сегодня я буду делать презентацию по науке,Сегодня я буду делать презентацию по науке
"279. Мой друг имеет собаку, ее зовут Дина","Мой друг имеет собаку, ее зовут Дина"
280. Я люблю играть в шахматы с друзьями,Я люблю играть в шахматы с друзьями
"281. У меня есть бабушка, она очень мудрая","У меня есть бабушка, она очень мудрая"
282. Сегодня я пойду в парк с семьей,Сегодня я пойду в парк с семьей
283. Мне нравится читать книги про фэнтези,Мне нравится читать книги про фэнтези
"284. Я люблю есть морепродукты, особенно креветки","Я люблю есть морепродукты, особенно креветки"
285. У меня есть домашнее задание по информатике,У меня есть домашнее задание по информатике
286. Сегодня я буду смотреть фильм про детектив,Сегодня я буду смотреть фильм про детектив
287. Мой любимый спорт - баскетбол,Мой любимый спорт - баскетбол
288. Я люблю играть в видеоигры с друзьями,Я люблю играть в видеоигры с друзьями
"289. У меня есть младший брат, ему 20 лет","У меня есть младший брат, ему 20 лет"
290. Сегодня я пойду в бассейн с семьей,Сегодня я пойду в бассейн с семьей
"291. Мне нравится слушать музыку, особенно классику","Мне нравится слушать музыку, особенно классику"
"292. Я люблю есть торты, особенно с клубникой","Я люблю есть торты, особенно с клубникой"
293. У меня есть домашняя работа по математике,У меня есть домашняя работа по математике
294. Сегодня я буду делать проект по экологии,Сегодня я буду делать проект по экологии
295. Мой любимый предмет в школе - физика,Мой любимый предмет в школе - физика
296. Я люблю кататься на коньках зимой,Я люблю кататься на коньках зимой
"297. У меня есть младшая сестра, ей 17 лет","У меня есть младшая сестра, ей 17 лет"
298. Сегодня я пойду в магазин с папой,Сегодня я пойду в магазин с папой
299. Мне нравится читать книги про приключения,Мне нравится читать книги про приключения
"300. Я люблю есть шашлыки, особенно из курицы","Я люблю есть шашлыки, особенно из курицы"
301. У меня есть домашнее задание по химии,У меня есть домашнее задание по химии
302. Сегодня я буду делать презентацию по географии,Сегодня я буду делать презентацию по географии
"303. Мой друг имеет кота, его зовут Вася","Мой друг имеет кота, его зовут Вася"
304. Я люблю играть в футбол с друзьями,Я люблю играть в футбол с друзьями
"305. У меня есть бабушка, она очень добрая","У меня есть бабушка, она очень добрая"
306. Сегодня я пойду в библиотеку с семьей,Сегодня я пойду в библиотеку с семьей
307. Мне нравится смотреть фильмы про комедию,Мне нравится смотреть фильмы про комедию
"308. Я люблю есть пиццу, особенно с pepperoni","Я люблю есть пиццу, особенно с pepperoni"
309. У меня есть домашняя работа по биологии,У меня есть домашняя работа по биологии
310. Сегодня я буду делать проект по истории,Сегодня я буду делать проект по истории
311. Мой любимый сезон - осень,Мой любимый сезон - осень
312. Я люблю кататься на велосипеде по городу,Я люблю кататься на велосипеде по городу
"313. У меня есть младший брат, ему 21 лет","У меня есть младший брат, ему 21 лет"
314. Сегодня я пойду в зоопарк с друзьями,Сегодня я пойду в зоопарк с друзьями
"315. Мне нравится слушать музыку, особенно поп-музыку","Мне нравится слушать музыку, особенно поп-музыку"
"316. Я люблю есть суши, особенно с лососем","Я люблю есть суши, особенно с лососем"
317. У меня есть домашнее задание по английскому языку,У меня есть домашнее задание по английскому языку
318. Сегодня я буду делать презентацию по науке,Сегодня я буду делать презентацию по науке
"319. Мой друг имеет собаку, ее зовут Дина","Мой друг имеет собаку, ее зовут Дина"
320. Я люблю играть в шахматы с друзьями,Я люблю играть в шахматы с друзьями
"321. У меня есть бабушка, она очень мудрая","У меня есть бабушка, она очень мудрая"
322. Сегодня я пойду в парк с семьей,Сегодня я пойду в парк с семьей
323. Мне нравится читать книги про фэнтези,Мне нравится читать книги про фэнтези
"324. Я люблю есть морепродукты, особенно креветки","Я люблю есть морепродукты, особенно креветки"
325. У меня есть домашнее задание по информатике,У меня есть домашнее задание по информатике
326. Сегодня я буду смотреть фильм про детектив,Сегодня я буду смотреть фильм про детектив
327. Мой любимый спорт - баскетбол,Мой любимый спорт - баскетбол
328. Я люблю играть в видеоигры с друзьями,Я люблю играть в видеоигры с друзьями
"329. У меня есть младший брат, ему 22 лет","У меня есть младший брат, ему 22 лет"
330. Сегодня я пойду в бассейн с семьей,Сегодня я пойду в бассейн с семьей
"331. Мне нравится слушать музыку, особенно классику","Мне нравится слушать музыку, особенно классику"
"332. Я люблю есть торты, особенно с клубникой","Я люблю есть торты, особенно с клубникой"
333. У меня есть домашняя работа по математике,У меня есть домашняя работа по математике
334. Сегодня я буду делать проект по экологии,Сегодня я буду делать проект по экологии
335. Мой любимый предмет в школе - физика,Мой любимый предмет в школе - физика
336. Я люблю кататься на коньках зимой,Я люблю кататься на коньках зимой
"337. У меня есть младшая сестра, ей 19 лет","У меня есть младшая сестра, ей 19 лет"
338. Сегодня я пойду в магазин с папой,Сегодня я пойду в магазин с папой
339. Мне нравится читать книги про приключения,Мне нравится читать книги про приключения
"340. Я люблю есть шашлыки, особенно из курицы","Я люблю есть шашлыки, особенно из курицы"
341. У меня есть домашнее задание по химии,У меня есть домашнее задание по химии
342. Сегодня я буду делать презентацию по географии,Сегодня я буду делать презентацию по географии
"343. Мой друг имеет кота, его зовут Вася","Мой друг имеет кота, его зовут Вася"
344. Я люблю играть в футбол с друзьями,Я люблю играть в футбол с друзьями
"345. У меня есть бабушка, она очень добрая","У меня есть бабушка, она очень добрая"
346. Сегодня я пойду в библиотеку с семьей,Сегодня я пойду в библиотеку с семьей
347. Мне нравится смотреть фильмы про комедию,Мне нравится смотреть фильмы про комедию
"348. Я люблю есть пиццу, особенно с pepperoni","Я люблю есть пиццу, особенно с pepperoni"
349. У меня есть домашняя работа по биологии,У меня есть домашняя работа по биологии
350. Сегодня я буду делать проект по истории,Сегодня я буду делать проект по истории
351. Мой любимый сезон - осень,Мой любимый сезон - осень
352. Я люблю кататься на велосипеде по городу,Я люблю кататься на велосипеде по городу
"353. У меня есть младший брат, ему 23 лет","У меня есть младший брат, ему 23 лет"
354. Сегодня я пойду в зоопарк с друзьями,Сегодня я пойду в зоопарк с друзьями
"355. Мне нравится слушать музыку, особенно поп-музыку","Мне нравится слушать музыку, особенно поп-музыку"
"356. Я люблю есть суши, особенно с лососем","Я люблю есть суши, особенно с лососем"
357. У меня есть домашнее задание по английскому языку,У меня есть домашнее задание по английскому языку
358. Сегодня я буду делать презентацию по науке,Сегодня я буду делать презентацию по науке
"359. Мой друг имеет собаку, ее зовут Дина","Мой друг имеет собаку, ее зовут Дина"
360. Я люблю играть в шахматы с друзьями,Я люблю играть в шахматы с друзьями
"361. У меня есть бабушка, она очень мудрая","У меня есть бабушка, она очень мудрая"
362. Сегодня я пойду в парк с семьей,Сегодня я пойду в парк с семьей
363. Мне нравится читать книги про фэнтези,Мне нравится читать книги про фэнтези
"364. Я люблю есть морепродукты, особенно креветки","Я люблю есть морепродукты, особенно креветки"
365. У меня есть домашнее задание по информатике,У меня есть домашнее задание по информатике
366. Сегодня я буду смотреть фильм про детектив,Сегодня я буду смотреть фильм про детектив
367. Мой любимый спорт - баскетбол,Мой любимый спорт - баскетбол
368. Я люблю играть в видеоигры с друзьями,Я люблю играть в видеоигры с друзьями
"369. У меня есть младший брат, ему 24 лет","У меня есть младший брат, ему 24 лет"
370. Сегодня я пойду в бассейн с семьей,Сегодня я пойду в бассейн с семьей
"371. Мне нравится слушать музыку, особенно классику","Мне нравится слушать музыку, особенно классику"
"372. Я люблю есть торты, особенно с клубникой","Я люблю есть торты, особенно с клубникой"
373. У меня есть домашняя работа по математике,У меня есть домашняя работа по математике
374. Сегодня я буду делать проект по экологии,Сегодня я буду делать проект по экологии
375. Мой любимый предмет в школе - физика,Мой любимый предмет в школе - физика
376. Я люблю кататься на коньках зимой,Я люблю кататься на коньках зимой
"377. У меня есть младшая сестра, ей 21 лет","У меня есть младшая сестра, ей 21 лет"
378. Сегодня я пойду в магазин с папой,Сегодня я пойду в магазин с папой
379. Мне нравится читать книги про приключения,Мне нравится читать книги про приключения
"380. Я люблю есть шашлыки, особенно из курицы","Я люблю есть шашлыки, особенно из курицы"
381. У меня есть домашнее задание по химии,У меня есть домашнее задание по химии
382. Сегодня я буду делать презентацию по географии,Сегодня я буду делать презентацию по географии
"383. Мой друг имеет кота, его зовут Вася","Мой друг имеет кота, его зовут Вася"
384. Я люблю играть в футбол с друзьями,Я люблю играть в футбол с друзьями
"385. У меня есть бабушка, она очень добрая","У меня есть бабушка, она очень добрая"
386. Сегодня я пойду в библиотеку с семьей,Сегодня я пойду в библиотеку с семьей
387. Мне нравится смотреть фильмы про комедию,Мне нравится смотреть фильмы про комедию
"388. Я люблю есть пиццу, особенно с pepperoni","Я люблю есть пиццу, особенно с pepperoni"
389. У меня есть домашняя работа по биологии,У меня есть домашняя работа по биологии
390. Сегодня я буду делать проект по истории,Сегодня я буду делать проект по истории
391. Мой любимый сезон - осень,Мой любимый сезон - осень
392. Я люблю кататься на велосипеде по городу,Я люблю кататься на велосипеде по городу
"393. У меня есть младший брат, ему 25 лет","У меня есть младший брат, ему 25 лет"
394. Сегодня я пойду в зоопарк с друзьями,Сегодня я пойду в зоопарк с друзьями
"395. Мне нравится слушать музыку, особенно поп-музыку","Мне нравится слушать музыку, особенно поп-музыку"
"396. Я люблю есть суши, особенно с лососем","Я люблю есть суши, особенно с лососем"
397. У меня есть домашнее задание по английскому языку,У меня есть домашнее задание по английскому языку
398. Сегодня я буду делать презентацию по науке,Сегодня я буду делать презентацию по науке
"399. Мой друг имеет собаку, ее зовут Дина","Мой друг имеет собаку, ее зовут Дина"
400. Я люблю играть в шахматы с друзьями,Я люблю играть в шахматы с друзьями
"401. У меня есть бабушка, она очень мудрая","У меня есть бабушка, она очень мудрая"
402. Сегодня я пойду в парк с семьей,Сегодня я пойду в парк с семьей
403. Мне нравится читать книги про фэнтези,Мне нравится читать книги про фэнтези
"404. Я люблю есть морепродукты, особенно креветки","Я люблю есть морепродукты, особенно креветки"
405. У меня есть домашнее задание по информатике,У меня есть домашнее задание по информатике
406. Сегодня я буду смотреть фильм про детектив,Сегодня я буду смотреть фильм про детектив
407. Мой любимый спорт - баскетбол,Мой любимый спорт - баскетбол
408. Я люблю играть в видеоигры с друзьями,Я люблю играть в видеоигры с друзьями
"409. У меня есть младший брат, ему 26 лет","У меня есть младший брат, ему 26 лет"
410. Сегодня я пойду в бассейн с семьей,Сегодня я пойду в бассейн с семьей
"411. Мне нравится слушать музыку, особенно классику","Мне нравится слушать музыку, особенно классику"
"412. Я люблю есть торты, особенно с клубникой","Я люблю есть торты, особенно с клубникой"
413. У меня есть домашняя работа по математике,У меня есть домашняя работа по математике
414. Сегодня я буду делать проект по экологии,Сегодня я буду делать проект по экологии
415. Мой любимый предмет в школе - физика,Мой любимый предмет в школе - физика
416. Я люблю кататься на коньках зимой,Я люблю кататься на коньках зимой
"417. У меня есть младшая сестра, ей 23 лет","У меня есть младшая сестра, ей 23 лет"
418. Сегодня я пойду в магазин с папой,Сегодня я пойду в магазин с папой
419. Мне нравится читать книги про приключения,Мне нравится читать книги про приключения
"420. Я люблю есть шашлыки, особенно из курицы","Я люблю есть шашлыки, особенно из курицы"
421. У меня есть домашнее задание по химии,У меня есть домашнее задание по химии
422. Сегодня я буду делать презентацию по географии,Сегодня я буду делать презентацию по географии
"423. Мой друг имеет кота, его зовут Вася","Мой друг имеет кота, его зовут Вася"
424. Я люблю играть в футбол с друзьями,Я люблю играть в футбол с друзьями
"425. У меня есть бабушка, она очень добрая","У меня есть бабушка, она очень добрая"
426. Сегодня я пойду в библиотеку с семьей,Сегодня я пойду в библиотеку с семьей
427. Мне нравится смотреть фильмы про комедию,Мне нравится смотреть фильмы про комедию
"428. Я люблю есть пиццу, особенно с pepperoni","Я люблю есть пиццу, особенно с pepperoni"
429. У меня есть домашняя работа по биологии,У меня есть домашняя работа по биологии
430. Сегодня я буду делать проект по истории,Сегодня я буду делать проект по истории
431. Мой любимый сезон - осень,Мой любимый сезон - осень
432. Я люблю кататься на велосипеде по городу,Я люблю кататься на велосипеде по городу
"433. У меня есть младший брат, ему 27 лет","У меня есть младший брат, ему 27 лет"
434. Сегодня я пойду в зоопарк с друзьями,Сегодня я пойду в зоопарк с друзьями
"435. Мне нравится слушать музыку, особенно поп-музыку","Мне нравится слушать музыку, особенно поп-музыку"
"436. Я люблю есть суши, особенно с лососем","Я люблю есть суши, особенно с лососем"
437. У меня есть домашнее задание по английскому языку,У меня есть домашнее задание по английскому языку
438. Сегодня я буду делать презентацию по науке,Сегодня я буду делать презентацию по науке
"439. Мой друг имеет собаку, ее зовут Дина","Мой друг имеет собаку, ее зовут Дина"
440. Я люблю играть в шахматы с друзьями,Я люблю играть в шахматы с друзьями
"441. У меня есть бабушка, она очень мудрая","У меня есть бабушка, она очень мудрая"
442. Сегодня я пойду в парк с семьей,Сегодня я пойду в парк с семьей
443. Мне нравится читать книги про фэнтези,Мне нравится читать книги про фэнтези
"444. Я люблю есть морепродукты, особенно креветки","Я люблю есть морепродукты, особенно креветки"
445. У меня есть домашнее задание по информатике,У меня есть домашнее задание по информатике
446. Сегодня я буду смотреть фильм про детектив,Сегодня я буду смотреть фильм про детектив
447. Мой любимый спорт - баскетбол,Мой любимый спорт - баскетбол
448. Я люблю играть в видеоигры с друзьями,Я люблю играть в видеоигры с друзьями
"449. У меня есть младший брат, ему 28 лет","У меня есть младший брат, ему 28 лет"
450. Сегодня я пойду в бассейн с семьей,Сегодня я пойду в бассейн с семьей
"451. Мне нравится слушать музыку, особенно классику","Мне нравится слушать музыку, особенно классику"
"452. Я люблю есть торты, особенно с клубникой","Я люблю есть торты, особенно с клубникой"
453. У меня есть домашняя работа по математике,У меня есть домашняя работа по математике
454. Сегодня я буду делать проект по экологии,Сегодня я буду делать проект по экологии
455. Мой любимый предмет в школе - физика,Мой любимый предмет в школе - физика
456. Я люблю кататься на коньках зимой,Я люблю кататься на коньках зимой
"457. У меня есть младшая сестра, ей 25 лет","У меня есть младшая сестра, ей 25 лет"
458. Сегодня я пойду в магазин с папой,Сегодня я пойду в магазин с папой
459. Мне нравится читать книги про приключения,Мне нравится читать книги про приключения
"460. Я люблю есть шашлыки, особенно из курицы","Я люблю есть шашлыки, особенно из курицы"
461. У меня есть домашнее задание по химии,У меня есть домашнее задание по химии
462. Сегодня я буду делать презентацию по географии,Сегодня я буду делать презентацию по географии
"463. Мой друг имеет кота, его зовут Вася","Мой друг имеет кота, его зовут Вася"
464. Я люблю играть в футбол с друзьями,Я люблю играть в футбол с друзьями
"465. У меня есть бабушка, она очень добрая","У меня есть бабушка, она очень добрая"
466. Сегодня я пойду в библиотеку с семьей,Сегодня я пойду в библиотеку с семьей
467. Мне нравится смотреть фильмы про комедию,Мне нравится смотреть фильмы про комедию
"468. Я люблю есть пиццу, особенно с pepperoni","Я люблю есть пиццу, особенно с pepperoni"
469. У меня есть домашняя работа по биологии,У меня есть домашняя работа по биологии
470. Сегодня я буду делать проект по истории,Сегодня я буду делать проект по истории
471. Мой любимый сезон - осень,Мой любимый сезон - осень
472. Я люблю кататься на велосипеде по городу,Я люблю кататься на велосипеде по городу
"473. У меня есть младший брат, ему 29 лет","У меня есть младший брат, ему 29 лет"
474. Сегодня я пойду в зоопарк с друзьями,Сегодня я пойду в зоопарк с друзьями
"475. Мне нравится слушать музыку, особенно поп-музыку","Мне нравится слушать музыку, особенно поп-музыку"
"476. Я люблю есть суши, особенно с лососем","Я люблю есть суши, особенно с лососем"
477. У меня есть домашнее задание по английскому языку,У меня есть домашнее задание по английскому языку
478. Сегодня я буду делать презентацию по науке,Сегодня я буду делать презентацию по науке
"479. Мой друг имеет собаку, ее зовут Дина","Мой друг имеет собаку, ее зовут Дина"
480. Я люблю играть в шахматы с друзьями,Я люблю играть в шахматы с друзьями
"481. У меня есть бабушка, она очень мудрая","У меня есть бабушка, она очень мудрая"
482. Сегодня я пойду в парк с семьей,Сегодня я пойду в парк с семьей
483. Мне нравится читать книги про фэнтези,Мне нравится читать книги про фэнтези
"484. Я люблю есть морепродукты, особенно креветки","Я люблю есть морепродукты, особенно креветки"
485. У меня есть домашнее задание по информатике,У меня есть домашнее задание по информатике
486. Сегодня я буду смотреть фильм про детектив,Сегодня я буду смотреть фильм про детектив
487. Мой любимый спорт - баскетбол,Мой любимый спорт - баскетбол
488. Я люблю играть в видеоигры с друзьями,Я люблю играть в видеоигры с друзьями
"489. У меня есть младший брат, ему 30 лет","У меня есть младший брат, ему 30 лет"
490. Сегодня я пойду в бассейн с семьей,Сегодня я пойду в бассейн с семьей
"491. Мне нравится слушать музыку, особенно классику","Мне нравится слушать музыку, особенно классику"
"492. Я люблю есть торты, особенно с клубникой","Я люблю есть торты, особенно с клубникой"
493. У меня есть домашняя работа по математике,У меня есть домашняя работа по математике
494. Сегодня я буду делать проект по экологии,Сегодня я буду делать проект по экологии
495. Мой любимый предмет в школе - физика,Мой любимый предмет в школе - физика
496. Я люблю кататься на коньках зимой,Я люблю кататься на коньках зимой
"497. У меня есть младшая сестра, ей 27 лет","У меня есть младшая сестра, ей 27 лет"
498. Сегодня я пойду в магазин с папой,Сегодня я пойду в магазин с папой
499. Мне нравится читать книги про приключения,Мне нравится читать книги про приключения
"500. Я люблю есть шашлыки, особенно из курицы","Я люблю есть шашлыки, особенно из курицы"
501. У меня есть домашнее задание по химии,У меня есть домашнее задание по химии
502. Сегодня я буду делать презентацию по географии,Сегодня я буду делать презентацию по географии
"503. Мой друг имеет кота, его зовут Вася","Мой друг имеет кота, его зовут Вася"
504. Я люблю играть в футбол с друзьями,Я люблю играть в футбол с друзьями
"505. У меня есть бабушка, она очень добрая","У меня есть бабушка, она очень добрая"
506. Сегодня я пойду в библиотеку с семьей,Сегодня я пойду в библиотеку с семьей
507. Мне нравится смотреть фильмы про комедию,Мне нравится смотреть фильмы про комедию
"508. Я люблю есть пиццу, особенно с pepperoni","Я люблю есть пиццу, особенно с pepperoni"
509. У меня есть домашняя работа по биологии,У меня есть домашняя работа по биологии
510. Сегодня я буду делать проект по истории,Сегодня я буду делать проект по истории
511. Мой любимый сезон - осень,Мой любимый сезон - осень
512. Я люблю кататься на велосипеде по городу,Я люблю кататься на велосипеде по городу
"513. У меня есть младший брат, ему 31 лет","У меня есть младший брат, ему 31 лет"
514. Сегодня я пойду в зоопарк с друзьями,Сегодня я пойду в зоопарк с друзьями
"515. Мне нравится слушать музыку, особенно поп-музыку","Мне нравится слушать музыку, особенно поп-музыку"
"516. Я люблю есть суши, особенно с лососем","Я люблю есть суши, особенно с лососем"
517. У меня есть домашнее задание по английскому языку,У меня есть домашнее задание по английскому языку
518. Сегодня я буду делать презентацию по науке,Сегодня я буду делать презентацию по науке
"519. Мой друг имеет собаку, ее зовут Дина","Мой друг имеет собаку, ее зовут Дина"
520. Я люблю играть в шахматы с друзьями,Я люблю играть в шахматы с друзьями
"521. У меня есть бабушка, она очень мудрая","У меня есть бабушка, она очень мудрая"
522. Сегодня я пойду в парк с семьей,Сегодня я пойду в парк с семьей
523. Мне нравится читать книги про фэнтези,Мне нравится читать книги про фэнтези
"524. Я люблю есть морепродукты, особенно креветки","Я люблю есть морепродукты, особенно креветки"
525. У меня есть домашнее задание по информатике,У меня есть домашнее задание по информатике
526. Сегодня я буду смотреть фильм про детектив,Сегодня я буду смотреть фильм про детектив
527. Мой любимый спорт - баскетбол,Мой любимый спорт - баскетбол
528. Я люблю играть в видеоигры с друзьями,Я люблю играть в видеоигры с друзьями
"529. У меня есть младший брат, ему 32 лет","У меня есть младший брат, ему 32 лет"
530. Сегодня я пойду в бассейн с семьей,Сегодня я пойду в бассейн с семьей
"531. Мне нравится слушать музыку, особенно классику","Мне нравится слушать музыку, особенно классику"
"532. Я люблю есть торты, особенно с клубникой","Я люблю есть торты, особенно с клубникой"
533. У меня есть домашняя работа по математике,У меня есть домашняя работа по математике
534. Сегодня я буду делать проект по экологии,Сегодня я буду делать проект по экологии
535. Мой любимый предмет в школе - физика,Мой любимый предмет в школе - физика
536. Я люблю кататься на коньках зимой,Я люблю кататься на коньках зимой
"537. У меня есть младшая сестра, ей 29 лет","У меня есть младшая сестра, ей 29 лет"
538. Сегодня я пойду в магазин с папой,Сегодня я пойду в магазин с папой
539. Мне нравится читать книги про приключения,Мне нравится читать книги про приключения
"540. Я люблю есть шашлыки, особенно из курицы","Я люблю есть шашлыки, особенно из курицы"
541. У меня есть домашнее задание по химии,У меня есть домашнее задание по химии
542. Сегодня я буду делать презентацию по географии,Сегодня я буду делать презентацию по географии
"543. Мой друг имеет кота, его зовут Вася","Мой друг имеет кота, его зовут Вася"
544. Я люблю играть в футбол с друзьями,Я люблю играть в футбол с друзьями
"545. У меня есть бабушка, она очень добрая","У меня есть бабушка, она очень добрая"
546. Сегодня я пойду в библиотеку с семьей,Сегодня я пойду в библиотеку с семьей
547. Мне нравится смотреть фильмы про комедию,Мне нравится смотреть фильмы про комедию
"548. Я люблю есть пиццу, особенно с pepperoni","Я люблю есть пиццу, особенно с pepperoni"
549. У меня есть домашняя работа по биологии,У меня есть домашняя работа по биологии
550. Сегодня я буду делать проект по истории,Сегодня я буду делать проект по истории
551. Мой любимый сезон - осень,Мой любимый сезон - осень
552. Я люблю кататься на велосипеде по городу,Я люблю кататься на велосипеде по городу
"553. У меня есть младший брат, ему 33 лет","У меня есть младший брат, ему 33 лет"
554. Сегодня я пойду в зоопарк с друзьями,Сегодня я пойду в зоопарк с друзьями
"555. Мне нравится слушать музыку, особенно поп-музыку","Мне нравится слушать музыку, особенно поп-музыку"
"556. Я люблю есть суши, особенно с лососем","Я люблю есть суши, особенно с лососем"
557. У меня есть домашнее задание по английскому языку,У меня есть домашнее задание по английскому языку
558. Сегодня я буду делать презентацию по науке,Сегодня я буду делать презентацию по науке
"559. Мой друг имеет собаку, ее зовут Дина","Мой друг имеет собаку, ее зовут Дина"
560. Я люблю играть в шахматы с друзьями,Я люблю играть в шахматы с друзьями
"561. У меня есть бабушка, она очень мудрая","У меня есть бабушка, она очень мудрая"
562. Сегодня я пойду в парк с семьей,Сегодня я пойду в парк с семьей
563. Мне нравится читать книги про фэнтези,Мне нравится читать книги про фэнтези
"564. Я люблю есть морепродукты, особенно креветки","Я люблю есть морепродукты, особенно креветки"
565. У меня есть домашнее задание по информатике,У меня есть домашнее задание по информатике
566. Сегодня я буду смотреть фильм про детектив,Сегодня я буду смотреть фильм про детектив
567. Мой любимый спорт - баскетбол,Мой любимый спорт - баскетбол
568. Я люблю играть в видеоигры с друзьями,Я люблю играть в видеоигры с друзьями
"569. У меня есть младший брат, ему 34 лет","У меня есть младший брат, ему 34 лет"
570. Сегодня я пойду в бассейн с семьей,Сегодня я пойду в бассейн с семьей
"571. Мне нравится слушать музыку, особенно классику","Мне нравится слушать музыку, особенно классику"
"572. Я люблю есть торты, особенно с клубникой","Я люблю есть торты, особенно с клубникой"
573. У меня есть домашняя работа по математике,У меня есть домашняя работа по математике
574. Сегодня я буду делать проект по экологии,Сегодня я буду делать проект по экологии
575. Мой любимый предмет в школе - физика,Мой любимый предмет в школе - физика
576. Я люблю кататься на коньках зимой,Я люблю кататься на коньках зимой
"577. У меня есть младшая сестра, ей 31 лет","У меня есть младшая сестра, ей 31 лет"
578. Сегодня я пойду в магазин с папой,Сегодня я пойду в магазин с папой
579. Мне нравится читать книги про приключения,Мне нравится читать книги про приключения
"580. Я люблю есть шашлыки, особенно из курицы","Я люблю есть шашлыки, особенно из курицы"
581. У меня есть домашнее задание по химии,У меня есть домашнее задание по химии
582. Сегодня я буду делать презентацию по географии,Сегодня я буду делать презентацию по географии
"583. Мой друг имеет кота, его зовут Вася","Мой друг имеет кота, его зовут Вася"
584. Я люблю играть в футбол с друзьями,Я люблю играть в футбол с друзьями
"585. У меня есть бабушка, она очень добрая","У меня есть бабушка, она очень добрая"
586. Сегодня я пойду в библиотеку с семьей,Сегодня я пойду в библиотеку с семьей
587. Мне нравится смотреть фильмы про комедию,Мне нравится смотреть фильмы про комедию
"588. Я люблю есть пиццу, особенно с pepperoni","Я люблю есть пиццу, особенно с pepperoni"
589. У меня есть домашняя работа по биологии,У меня есть домашняя работа по биологии
590. Сегодня я буду делать проект по истории,Сегодня я буду делать проект по истории
591. Мой любимый сезон - осень,Мой любимый сезон - осень
592. Я люблю кататься на велосипеде по городу,Я люблю кататься на велосипеде по городу
"593. У меня есть младший брат, ему 35 лет","У меня есть младший брат, ему 35 лет"
594. Сегодня я пойду в зоопарк с друзьями,Сегодня я пойду в зоопарк с друзьями
"595. Мне нравится слушать музыку, особенно поп-музыку","Мне нравится слушать музыку, особенно поп-музыку"
"596. Я люблю есть суши, особенно с лососем","Я люблю есть суши, особенно с лососем"
597. У меня есть домашнее задание по английскому языку,У меня есть домашнее задание по английскому языку
598. Сегодня я буду делать презентацию по науке,Сегодня я буду делать презентацию по науке
"599. Мой друг имеет собаку, ее зовут Дина","Мой друг имеет собаку, ее зовут Дина"
600. Я люблю играть в шахматы с друзьями,Я люблю играть в шахматы с друзьями
"601. У меня есть бабушка, она очень мудрая","У меня есть бабушка, она очень мудрая"
602. Сегодня я пойду в парк с семьей,Сегодня я пойду в парк с семьей
603. Мне нравится читать книги про фэнтези,Мне нравится читать книги про фэнтези
"604. Я люблю есть морепродукты, особенно креветки","Я люблю есть морепродукты, especialmente креветки"
605. У меня есть домашнее задание по информатике,У меня есть домашнее задание по информатике
606. Сегодня я буду смотреть фильм про детектив,Сегодня я буду смотреть фильм про детектив
607. Мой любимый спорт - баскетбол,Мой любимый спорт - баскетбол
608. Я люблю играть в видеоигры с друзьями,Я люблю играть в видеоигры с друзьями
"609. У меня есть младший брат, ему 36 лет","У меня есть младший брат, ему 36 лет"
610. Сегодня я пойду в бассейн с семьей,Сегодня я пойду в бассейн с семьей
"611. Мне нравится слушать музыку, особенно классику","Мне нравится слушать музыку, особенно классику"
"612. Я люблю есть торты, особенно с клубникой","Я люблю есть торты, особенно с клубникой"
613. У меня есть домашняя работа по математике,У меня есть домашняя работа по математике
614. Сегодня я буду делать проект по экологии,Сегодня я буду делать проект по экологии
615. Мой любимый предмет в школе - физика,Мой любимый предмет в школе - физика
616. Я люблю кататься на коньках зимой,Я люблю кататься на коньках зимой
"617. У меня есть младшая сестра, ей 33 лет","У меня есть младшая сестра, ей 33 лет"
618. Сегодня я пойду в магазин с папой,Сегодня я пойду в магазин с папой
619. Мне нравится читать книги про приключения,Мне нравится читать книги про приключения
"620. Я люблю есть шашлыки, особенно из курицы","Я люблю есть шашлыки, особенно из курицы"
621. У меня есть домашнее задание по химии,У меня есть домашнее задание по химии
622. Сегодня я буду делать презентацию по географии,Сегодня я буду делать презентацию по географии
"623. Мой друг имеет кота, его зовут Вася","Мой друг имеет кота, его зовут Вася"
624. Я люблю играть в футбол с друзьями,Я люблю играть в футбол с друзьями
"625. У меня есть бабушка, она очень добрая","У меня есть бабушка, она очень добрая"
626. Сегодня я пойду в библиотеку с семьей,Сегодня я пойду в библиотеку с семьей
627. Мне нравится смотреть фильмы про комедию,Мне нравится смотреть фильмы про комедию
"628. Я люблю есть пиццу, особенно с pepperoni","Я люблю есть пиццу, особенно с pepperoni"
629. У меня есть домашняя работа по биологии,У меня есть домашняя работа по биологии
630. Сегодня я буду делать проект по истории,Сегодня я буду делать проект по истории
631. Мой любимый сезон - осень,Мой любимый сезон - осень
632. Я люблю кататься на велосипеде по городу,Я люблю кататься на велосипеде по городу
"633. У меня есть младший брат, ему 37 лет","У меня есть младший брат, ему 37 лет"
634. Сегодня я пойду в зоопарк с друзьями,Сегодня я пойду в зоопарк с друзьями
"635. Мне нравится слушать музыку, особенно поп-музыку","Мне нравится слушать музыку, особенно поп-музыку"
"636. Я люблю есть суши, особенно с лососем","Я люблю есть суши, особенно с лососем"
637. У меня есть домашнее задание по английскому языку,У меня есть домашнее задание по английскому языку
638. Сегодня я буду делать презентацию по науке,Сегодня я буду делать презентацию по науке
"639. Мой друг имеет собаку, ее зовут Дина","Мой друг имеет собаку, ее зовут Дина"
640. Я люблю играть в шахматы с друзьями,Я люблю играть в шахматы с друзьями
"641. У меня есть бабушка, она очень мудрая","У меня есть бабушка, она очень мудрая"
642. Сегодня я пойду в парк с семьей,Сегодня я пойду в парк с семьей
643. Мне нравится читать книги про фэнтези,Мне нравится читать книги про фэнтези
"644. Я люблю есть морепродукты, особенно креветки","Я люблю есть морепродукты, особенно креветки"
645. У меня есть домашнее задание по информатике,У меня есть домашнее задание по информатике
646. Сегодня я буду смотреть фильм про детектив,Сегодня я буду смотреть фильм про детектив
647. Мой любимый спорт - баскетбол,Мой любимый спорт - баскетбол
648. Я люблю играть в видеоигры с друзьями,Я люблю играть в видеоигры с друзьями
"649. У меня есть младший брат, ему 38 лет","У меня есть младший брат, ему 38 лет"
650. Сегодня я пойду в бассейн с семьей,Сегодня я пойду в бассейн с семьей
"651. Мне нравится слушать музыку, особенно классику","Мне нравится слушать музыку, особенно классику"
"652. Я люблю есть торты, особенно с клубникой","Я люблю есть торты, особенно с клубникой"
653. У меня есть домашняя работа по математике,У меня есть домашняя работа по математике
654. Сегодня я буду делать проект по экологии,Сегодня я буду делать проект по экологии
655. Мой любимый предмет в школе - физика,Мой любимый предмет в школе - физика
656. Я люблю кататься на коньках зимой,Я люблю кататься на коньках зимой
"657. У меня есть младшая сестра, ей 35 лет","У меня есть младшая сестра, ей 35 лет"
658. Сегодня я пойду в магазин с папой,Сегодня я пойду в магазин с папой
659. Мне нравится читать книги про приключения,Мне нравится читать книги про приключения
"660. Я люблю есть шашлыки, особенно из курицы","Я люблю есть шашлыки, особенно из курицы"
661. У меня есть домашнее задание по химии,У меня есть домашнее задание по химии
662. Сегодня я буду делать презентацию по географии,Сегодня я буду делать презентацию по географии
"663. Мой друг имеет кота, его зовут Вася","Мой друг имеет кота, его зовут Вася"
664. Я люблю играть в футбол с друзьями,Я люблю играть в футбол с друзьями
"665. У меня есть бабушка, она очень добрая","У меня есть бабушка, она очень добрая"
666. Сегодня я пойду в библиотеку с семьей,Сегодня я пойду в библиотеку с семьей
667. Мне нравится смотреть фильмы про комедию,Мне нравится смотреть фильмы про комедию
"668. Я люблю есть пиццу, особенно с pepperoni","Я люблю есть пиццу, особенно с pepperoni"
669. У меня есть домашняя работа по биологии,У меня есть домашняя работа по биологии
670. Сегодня я буду делать проект по истории,Сегодня я буду делать проект по истории
671. Мой любимый сезон - осень,Мой любимый сезон - осень
672. Я люблю кататься на велосипеде по городу,Я люблю кататься на велосипеде по городу
"673. У меня есть младший брат, ему 39 лет","У меня есть младший брат, ему 39 лет"
674. Сегодня я пойду в зоопарк с друзьями,Сегодня я пойду в зоопарк с друзьями
"675. Мне нравится слушать музыку, особенно поп-музыку","Мне нравится слушать музыку, особенно поп-музыку"
"676. Я люблю есть суши, особенно с лососем","Я люблю есть суши, особенно с лососем"
677. У меня есть домашнее задание по английскому языку,У меня есть домашнее задание по английскому языку
678. Сегодня я буду делать презентацию по науке,Сегодня я буду делать презентацию по науке
"679. Мой друг имеет собаку, ее зовут Дина","Мой друг имеет собаку, ее зовут Дина"
680. Я люблю играть в шахматы с друзьями,Я люблю играть в шахматы с друзьями
"681. У меня есть бабушка, она очень мудрая","У меня есть бабушка, она очень мудрая"
682. Сегодня я пойду в парк с семьей,Сегодня я пойду в парк с семьей
683. Мне нравится читать книги про фэнтези,Мне нравится читать книги про фэнтези
"684. Я люблю есть морепродукты, особенно креветки","Я люблю есть морепродукты, особенно креветки"
685. У меня есть домашнее задание по информатике,У меня есть домашнее задание по информатике
686. Сегодня я буду смотреть фильм про детектив,Сегодня я буду смотреть фильм про детектив
687. Мой любимый спорт - баскетбол,Мой любимый спорт - баскетбол
688. Я люблю играть в видеоигры с друзьями,Я люблю играть в видеоигры с друзьями
"689. У меня есть младший брат, ему 40 лет","У меня есть младший брат, ему 40 лет"
690. Сегодня я пойду в бассейн с семьей,Сегодня я пойду в бассейн с семьей
"691. Мне нравится слушать музыку, особенно классику","Мне нравится слушать музыку, особенно классику"
"692. Я люблю есть торты, особенно с клубникой","Я люблю есть торты, особенно с клубникой"
693. У меня есть домашняя работа по математике,У меня есть домашняя работа по математике
694. Сегодня я буду делать проект по экологии,Сегодня я буду делать проект по экологии
695. Мой любимый предмет в школе - физика,Мой любимый предмет в школе - физика
696. Я люблю кататься на коньках зимой,Я люблю кататься на коньках зимой
"697. У меня есть младшая сестра, ей 37 лет","У меня есть младшая сестра, ей 37 лет"
698. Сегодня я пойду в магазин с папой,Сегодня я пойду в магазин с папой
699. Мне нравится читать книги про приключения,Мне нравится читать книги про приключения
"700. Я люблю есть шашлыки, особенно из курицы","Я люблю есть шашлыки, особенно из курицы"
701. У меня есть домашнее задание по химии,У меня есть домашнее задание по химии
702. Сегодня я буду делать презентацию по географии,Сегодня я буду делать презентацию по географии
"703. Мой друг имеет кота, его зовут Вася","Мой друг имеет кота, его зовут Вася"
704. Я люблю играть в футбол с друзьями,Я люблю играть в футбол с друзьями
"705. У меня есть бабушка, она очень добрая","У меня есть бабушка, она очень добрая"
706. Сегодня я пойду в библиотеку с семьей,Сегодня я пойду в библиотеку с семьей
707. Мне нравится смотреть фильмы про комедию,Мне нравится смотреть фильмы про комедию
"708. Я люблю есть пиццу, особенно с pepperoni","Я люблю есть пиццу, особенно с pepperoni"
709. У меня есть домашняя работа по биологии,У меня есть домашняя работа по биологии
710. Сегодня я буду делать проект по истории,Сегодня я буду делать проект по истории
711. Мой любимый сезон - осень,Мой любимый сезон - осень
712. Я люблю кататься на велосипеде по городу,Я люблю кататься на велосипеде по городу
"713. У меня есть младший брат, ему 41 лет","У меня есть младший брат, ему 41 лет"
714. Сегодня я пойду в зоопарк с друзьями,Сегодня я пойду в зоопарк с друзьями
"715. Мне нравится слушать музыку, особенно поп-музыку","Мне нравится слушать музыку, особенно поп-музыку"
"716. Я люблю есть суши, особенно с лососем","Я люблю есть суши, особенно с лососем"
717. У меня есть домашнее задание по английскому языку,У меня есть домашнее задание по английскому языку
718. Сегодня я буду делать презентацию по науке,Сегодня я буду делать презентацию по науке
"719. Мой друг имеет собаку, ее зовут Дина","Мой друг имеет собаку, ее зовут Дина"
720. Я люблю играть в шахматы с друзьями,Я люблю играть в шахматы с друзьями
"721. У меня есть бабушка, она очень мудрая","У меня есть бабушка, она очень мудрая"
722. Сегодня я пойду в парк с семьей,Сегодня я пойду в парк с семьей
723. Мне нравится читать книги про фэнтези,Мне нравится читать книги про фэнтези
"724. Я люблю есть морепродукты, особенно креветки","Я люблю есть морепродукты, особенно креветки"
725. У меня есть домашнее задание по информатике,У меня есть домашнее задание по информатике
726. Сегодня я буду смотреть фильм про детектив,Сегодня я буду смотреть фильм про детектив
727. Мой любимый спорт - баскетбол,Мой любимый спорт - баскетбол
728. Я люблю играть в видеоигры с друзьями,Я люблю играть в видеоигры с друзьями
"729. У меня есть младший брат, ему 42 лет","У меня есть младший брат, ему 42 лет"
730. Сегодня я пойду в бассейн с семьей,Сегодня я пойду в бассейн с семьей
"731. Мне нравится слушать музыку, особенно классику","Мне нравится слушать музыку, особенно классику"
"732. Я люблю есть торты, особенно с клубникой","Я люблю есть торты, особенно с клубникой"
733. У меня есть домашняя работа по математике,У меня есть домашняя работа по математике
734. Сегодня я буду делать проект по экологии,Сегодня я буду делать проект по экологии
735. Мой любимый предмет в школе - физика,Мой любимый предмет в школе - физика
736. Я люблю кататься на коньках зимой,Я люблю кататься на коньках зимой
"737. У меня есть младшая сестра, ей 39 лет","У меня есть младшая сестра, ей 39 лет"
738. Сегодня я пойду в магазин с папой,Сегодня я пойду в магазин с папой
739. Мне нравится читать книги про приключения,Мне нравится читать книги про приключения
"740. Я люблю есть шашлыки, особенно из курицы","Я люблю есть шашлыки, особенно из курицы"
741. У меня есть домашнее задание по химии,У меня есть домашнее задание по химии
742. Сегодня я буду делать презентацию по географии,Сегодня я буду делать презентацию по географии
"743. Мой друг имеет кота, его зовут Вася","Мой друг имеет кота, его зовут Вася"
744. Я люблю играть в футбол с друзьями,Я люблю играть в футбол с друзьями
"745. У меня есть бабушка, она очень добрая","У меня есть бабушка, она очень добрая"
746. Сегодня я пойду в библиотеку с семьей,Сегодня я пойду в библиотеку с семьей
747. Мне нравится смотреть фильмы про комедию,Мне нравится смотреть фильмы про комедию
"748. Я люблю есть пиццу, особенно с pepperoni","Я люблю есть пиццу, особенно с pepperoni"
749. У меня есть домашняя работа по биологии,У меня есть домашняя работа по биологии
750. Сегодня я буду делать проект по истории,Сегодня я буду делать проект по истории
751. Мой любимый сезон - осень,Мой любимый сезон - осень
752. Я люблю кататься на велосипеде по городу,Я люблю кататься на велосипеде по городу
"753. У меня есть младший брат, ему 43 лет","У меня есть младший брат, ему 43 лет"
754. Сегодня я пойду в зоопарк с друзьями,Сегодня я пойду в зоопарк с друзьями
"755. Мне нравится слушать музыку, особенно поп-музыку","Мне нравится слушать музыку, особенно поп-музыку"
"756. Я люблю есть суши, особенно с лососем","Я люблю есть суши, особенно с лососем"
757. У меня есть домашнее задание по английскому языку,У меня есть домашнее задание по английскому языку
758. Сегодня я буду делать презентацию по науке,Сегодня я буду делать презентацию по науке
"759. Мой друг имеет собаку, ее зовут Дина","Мой друг имеет собаку, ее зовут Дина"
760. Я люблю играть в шахматы с друзьями,Я люблю играть в шахматы с друзьями
"761. У меня есть бабушка, она очень мудрая","У меня есть бабушка, она очень мудрая"
762. Сегодня я пойду в парк с семьей,Сегодня я пойду в парк с семьей
763. Мне нравится читать книги про фэнтези,Мне нравится читать книги про фэнтези
"764. Я люблю есть морепродукты, особенно креветки","Я люблю есть морепродукты, особенно креветки"
765. У меня есть домашнее задание по информатике,У меня есть домашнее задание по информатике
766. Сегодня я буду смотреть фильм про детектив,Сегодня я буду смотреть фильм про детектив
767. Мой любимый спорт - баскетбол,Мой любимый спорт - баскетбол
768. Я люблю играть в видеоигры с друзьями,Я люблю играть в видеоигры с друзьями
"769. У меня есть младший брат, ему 44 лет","У меня есть младший брат, ему 44 лет"
770. Сегодня я пойду в бассейн с семьей,Сегодня я пойду в бассейн с семьей
"771. Мне нравится слушать музыку, особенно классику","Мне нравится слушать музыку, особенно классику"
"772. Я люблю есть торты, особенно с клубникой","Я люблю есть торты, особенно с клубникой"
773. У меня есть домашняя работа по математике,У меня есть домашняя работа по математике
774. Сегодня я буду делать проект по экологии,Сегодня я буду делать проект по экологии
775. Мой любимый предмет в школе - физика,Мой любимый предмет в школе - физика
776. Я люблю кататься на коньках зимой,Я люблю кататься на коньках зимой
"777. У меня есть младшая сестра, ей 41 лет","У меня есть младшая сестра, ей 41 лет"
778. Сегодня я пойду в магазин с папой,Сегодня я пойду в магазин с папой
779. Мне нравится читать книги про приключения,Мне нравится читать книги про приключения
"780. Я люблю есть шашлыки, особенно из курицы","Я люблю есть шашлыки, особенно из курицы"
781. У меня есть домашнее задание по химии,У меня есть домашнее задание по химии
782. Сегодня я буду делать презентацию по географии,Сегодня я буду делать презентацию по географии
"783. Мой друг имеет кота, его зовут Вася","Мой друг имеет кота, его зовут Вася"
784. Я люблю играть в футбол с друзьями,Я люблю играть в футбол с друзьями
"785. У меня есть бабушка, она очень добрая","У меня есть бабушка, она очень добрая"
786. Сегодня я пойду в библиотеку с семьей,Сегодня я пойду в библиотеку с семьей
787. Мне нравится смотреть фильмы про комедию,Мне нравится смотреть фильмы про комедию
"788. Я люблю есть пиццу, особенно с pepperoni","Я люблю есть пиццу, особенно с pepperoni"
789. У меня есть домашняя работа по биологии,У меня есть домашняя работа по биологии
790. Сегодня я буду делать проект по истории,Сегодня я буду делать проект по истории
791. Мой любимый сезон - осень,Мой любимый сезон - осень
792. Я люблю кататься на велосипеде по городу,Я люблю кататься на велосипеде по городу
"793. У меня есть младший брат, ему 45 лет","У меня есть младший брат, ему 45 лет"
794. Сегодня я пойду в зоопарк с друзьями,Сегодня я пойду в зоопарк с друзьями
"795. Мне нравится слушать музыку, особенно поп-музыку","Мне нравится слушать музыку, особенно поп-музыку"
"796. Я люблю есть суши, особенно с лососем","Я люблю есть суши, особенно с лососем"
797. У меня есть домашнее задание по английскому языку,У меня есть домашнее задание по английскому языку
798. Сегодня я буду делать презентацию по науке,Сегодня я буду делать презентацию по науке
"799. Мой друг имеет собаку, ее зовут Дина","Мой друг имеет собаку, ее зовут Дина"
800. Я люблю играть в шахматы с друзьями,Я люблю играть в шахматы с друзьями
"801. У меня есть бабушка, она очень мудрая","У меня есть бабушка, она очень мудрая"
802. Сегодня я пойду в парк с семьей,Сегодня я пойду в парк с семьей
803. Мне нравится читать книги про фэнтези,Мне нравится читать книги про фэнтези
"804. Я люблю есть морепродукты, особенно креветки","Я люблю есть морепродукты, особенно креветки"
805. У меня есть домашнее задание по информатике,У меня есть домашнее задание по информатике
806. Сегодня я буду смотреть фильм про детектив,Сегодня я буду смотреть фильм про детектив
807. Мой любимый спорт - баскетбол,Мой любимый спорт - баскетбол
808. Я люблю играть в видеоигры с друзьями,Я люблю играть в видеоигры с друзьями
"809. У меня есть младший брат, ему 46 лет","У меня есть младший брат, ему 46 лет"
810. Сегодня я пойду в бассейн с семьей,Сегодня я пойду в бассейн с семьей
"811. Мне нравится слушать музыку, особенно классику","Мне нравится слушать музыку, особенно классику"
"812. Я люблю есть торты, особенно с клубникой","Я люблю есть торты, особенно с клубникой"
813. У меня есть домашняя работа по математике,У меня есть домашняя работа по математике
814. Сегодня я буду делать проект по экологии,Сегодня я буду делать проект по экологии
815. Мой любимый предмет в школе - физика,Мой любимый предмет в школе - физика
816. Я люблю кататься на коньках зимой,Я люблю кататься на коньках зимой
"817. У меня есть младшая сестра, ей 43 лет","У меня есть младшая сестра, ей 43 лет"
818. Сегодня я пойду в магазин с папой,Сегодня я пойду в магазин с папой
819. Мне нравится читать книги про приключения,Мне нравится читать книги про приключения
"820. Я люблю есть шашлыки, особенно из курицы","Я люблю есть шашлыки, особенно из курицы"
821. У меня есть домашнее задание по химии,У меня есть домашнее задание по химии
822. Сегодня я буду делать презентацию по географии,Сегодня я буду делать презентацию по географии
"823. Мой друг имеет кота, его зовут Вася","Мой друг имеет кота, его зовут Вася"
824. Я люблю играть в футбол с друзьями,Я люблю играть в футбол с друзьями
"825. У меня есть бабушка, она очень добрая","У меня есть бабушка, она очень добрая"
826. Сегодня я пойду в библиотеку с семьей,Сегодня я пойду в библиотеку с семьей
827. Мне нравится смотреть фильмы про комедию,Мне нравится смотреть фильмы про комедию
"828. Я люблю есть пиццу, особенно с pepperoni","Я люблю есть пиццу, особенно с pepperoni"
829. У меня есть домашняя работа по биологии,У меня есть домашняя работа по биологии
830. Сегодня я буду делать проект по истории,Сегодня я буду делать проект по истории
831. Мой любимый сезон - осень,Мой любимый сезон - осень
832. Я люблю кататься на велосипеде по городу,Я люблю кататься на велосипеде по городу
"833. У меня есть младший брат, ему 47 лет","У меня есть младший брат, ему 47 лет"
834. Сегодня я пойду в зоопарк с друзьями,Сегодня я пойду в зоопарк с друзьями
"835. Мне нравится слушать музыку, особенно поп-музыку","Мне нравится слушать музыку, особенно поп-музыку"
"836. Я люблю есть суши, особенно с лососем","Я люблю есть суши, особенно с лососем"
837. У меня есть домашнее задание по английскому языку,У меня есть домашнее задание по английскому языку
838. Сегодня я буду делать презентацию по науке,Сегодня я буду делать презентацию по науке
"839. Мой друг имеет собаку, ее зовут Дина","Мой друг имеет собаку, ее зовут Дина"
840. Я люблю играть в шахматы с друзьями,Я люблю играть в шахматы с друзьями
"841. У меня есть бабушка, она очень мудрая","У меня есть бабушка, она очень мудрая"
842. Сегодня я пойду в парк с семьей,Сегодня я пойду в парк с семьей
843. Мне нравится читать книги про фэнтези,Мне нравится читать книги про фэнтези
"844. Я люблю есть морепродукты, особенно креветки","Я люблю есть морепродукты, особенно креветки"
845. У меня есть домашнее задание по информатике,У меня есть домашнее задание по информатике
846. Сегодня я буду смотреть фильм про детектив,Сегодня я буду смотреть фильм про детектив
847. Мой любимый спорт - баскетбол,Мой любимый спорт - баскетбол
848. Я люблю играть в видеоигры с друзьями,Я люблю играть в видеоигры с друзьями
"849. У меня есть младший брат, ему 48 лет","У меня есть младший брат, ему 48 лет"
850. Сегодня я пойду в бассейн с семьей,Сегодня я пойду в бассейн с семьей
"851. Мне нравится слушать музыку, особенно классику","Мне нравится слушать музыку, особенно классику"
"852. Я люблю есть торты, особенно с клубникой","Я люблю есть торты, особенно с клубникой"
853. У меня есть домашняя работа по математике,У меня есть домашняя работа по математике
854. Сегодня я буду делать проект по экологии,Сегодня я буду делать проект по экологии
855. Мой любимый предмет в школе - физика,Мой любимый предмет в школе - физика
856. Я люблю кататься на коньках зимой,Я люблю кататься на коньках зимой
"857. У меня есть младшая сестра, ей 45 лет","У меня есть младшая сестра, ей 45 лет"
858. Сегодня я пойду в магазин с папой,Сегодня я пойду в магазин с папой
859. Мне нравится читать книги про приключения,Мне нравится читать книги про приключения
"860. Я люблю есть шашлыки, особенно из курицы","Я люблю есть шашлыки, особенно из курицы"
861. У меня есть домашнее задание по химии,У меня есть домашнее задание по химии
862. Сегодня я буду делать презентацию по географии,Сегодня я буду делать презентацию по географии
"863. Мой друг имеет кота, его зовут Вася","Мой друг имеет кота, его зовут Вася"
864. Я люблю играть в футбол с друзьями,Я люблю играть в футбол с друзьями
"865. У меня есть бабушка, она очень добрая","У меня есть бабушка, она очень добрая"
866. Сегодня я пойду в библиотеку с семьей,Сегодня я пойду в библиотеку с семьей
867. Мне нравится смотреть фильмы про комедию,Мне нравится смотреть фильмы про комедию
"868. Я люблю есть пиццу, особенно с pepperoni","Я люблю есть пиццу, особенно с pepperoni"
869. У меня есть домашняя работа по биологии,У меня есть домашняя работа по биологии
870. Сегодня я буду делать проект по истории,Сегодня я буду делать проект по истории
871. Мой любимый сезон - осень,Мой любимый сезон - осень
872. Я люблю кататься на велосипеде по городу,Я люблю кататься на велосипеде по городу
"873. У меня есть младший брат, ему 49 лет","У меня есть младший брат, ему 49 лет"
874. Сегодня я пойду в зоопарк с друзьями,Сегодня я пойду в зоопарк с друзьями
"875. Мне нравится слушать музыку, особенно поп-музыку","Мне нравится слушать музыку, особенно поп-музыку"
"876. Я люблю есть суши, особенно с лососем","Я люблю есть суши, особенно с лососем"
877. У меня есть домашнее задание по английскому языку,У меня есть домашнее задание по английскому языку
878. Сегодня я буду делать презентацию по науке,Сегодня я буду делать презентацию по науке
"879. Мой друг имеет собаку, ее зовут Дина","Мой друг имеет собаку, ее зовут Дина"
880. Я люблю играть в шахматы с друзьями,Я люблю играть в шахматы с друзьями
"881. У меня есть бабушка, она очень мудрая","У меня есть бабушка, она очень мудрая"
882. Сегодня я пойду в парк с семьей,Сегодня я пойду в парк с семьей
883. Мне нравится читать книги про фэнтези,Мне нравится читать книги про фэнтези
"884. Я люблю есть морепродукты, особенно креветки","Я люблю есть морепродукты, особенно креветки"
885. У меня есть домашнее задание по информатике,У меня есть домашнее задание по информатике
886. Сегодня я буду смотреть фильм про детектив,Сегодня я буду смотреть фильм про детектив
887. Мой любимый спорт - баскетбол,Мой любимый спорт - баскетбол
888. Я люблю играть в видеоигры с друзьями,Я люблю играть в видеоигры с друзьями
"889. У меня есть младший брат, ему 50 лет","У меня есть младший брат, ему 50 лет"
890. Сегодня я пойду в бассейн с семьей,Сегодня я пойду в бассейн с семьей
"891. Мне нравится слушать музыку, особенно классику","Мне нравится слушать музыку, особенно классику"
"892. Я люблю есть торты, особенно с клубникой","Я люблю есть торты, особенно с клубникой"
893. У меня есть домашняя работа по математике,У меня есть домашняя работа по математике
894. Сегодня я буду делать проект по экологии,Сегодня я буду делать проект по экологии
895. Мой любимый предмет в школе - физика,Мой любимый предмет в школе - физика
896. Я люблю кататься на коньках зимой,Я люблю кататься на коньках зимой
"897. У меня есть младшая сестра, ей 47 лет","У меня есть младшая сестра, ей 47 лет"
898. Сегодня я пойду в магазин с папой,Сегодня я пойду в магазин с папой
899. Мне нравится читать книги про приключения,Мне нравится читать книги про приключения
"900. Я люблю есть шашлыки, особенно из курицы","Я люблю есть шашлыки, особенно из курицы"
901. У меня есть домашнее задание по химии,У меня есть домашнее задание по химии
902. Сегодня я буду делать презентацию по географии,Сегодня я буду делать презентацию по географии
"903. Мой друг имеет кота, его зовут Вася","Мой друг имеет кота, его зовут Вася"
904. Я люблю играть в футбол с друзьями,Я люблю играть в футбол с друзьями
"905. У меня есть бабушка, она очень добрая","У меня есть бабушка, она очень добрая"
906. Сегодня я пойду в библиотеку с семьей,Сегодня я пойду в библиотеку с семьей
907. Мне нравится смотреть фильмы про комедию,Мне нравится смотреть фильмы про комедию
"908. Я люблю есть пиццу, особенно с pepperoni","Я люблю есть пиццу, особенно с pepperoni"
909. У меня есть домашняя работа по биологии,У меня есть домашняя работа по биологии
910. Сегодня я буду делать проект по истории,Сегодня я буду делать проект по истории
911. Мой любимый сезон - осень,Мой любимый сезон - осень
912. Я люблю кататься на велосипеде по городу,Я люблю кататься на велосипеде по городу
"913. У меня есть младший брат, ему 51 лет","У меня есть младший брат, ему 51 лет"
914. Сегодня я пойду в зоопарк с друзьями,Сегодня я пойду в зоопарк с друзьями
"915. Мне нравится слушать музыку, особенно поп-музыку","Мне нравится слушать музыку, особенно поп-музыку"
"916. Я люблю есть суши, особенно с лососем","Я люблю есть суши, особенно с лососем"
917. У меня есть домашнее задание по английскому языку,У меня есть домашнее задание по английскому языку
918. Сегодня я буду делать презентацию по науке,Сегодня я буду делать презентацию по науке
"919. Мой друг имеет собаку, ее зовут Дина","Мой друг имеет собаку, ее зовут Дина"
920. Я люблю играть в шахматы с друзьями,Я люблю играть в шахматы с друзьями
"921. У меня есть бабушка, она очень мудрая","У меня есть бабушка, она очень мудрая"
922. Сегодня я пойду в парк с семьей,Сегодня я пойду в парк с семьей
923. Мне нравится читать книги про фэнтези,Мне нравится читать книги про фэнтези
"924. Я люблю есть морепродукты, особенно креветки","Я люблю есть морепродукты, особенно креветки"
925. У меня есть домашнее задание по информатике,У меня есть домашнее задание по информатике
926. Сегодня я буду смотреть фильм про детектив,Сегодня я буду смотреть фильм про детектив
927. Мой любимый спорт - баскетбол,Мой любимый спорт - баскетбол
928. Я люблю играть в видеоигры с друзьями,Я люблю играть в видеоигры с друзьями
"929. У меня есть младший брат, ему 52 лет","У меня есть младший брат, ему 52 лет"
930. Сегодня я пойду в бассейн с семьей,Сегодня я пойду в бассейн с семьей
"931. Мне нравится слушать музыку, особенно классику","Мне нравится слушать музыку, особенно классику"
"932. Я люблю есть торты, особенно с клубникой","Я люблю есть торты, особенно с клубникой"
933. У меня есть домашняя работа по математике,У меня есть домашняя работа по математике
934. Сегодня я буду делать проект по экологии,Сегодня я буду делать проект по экологии
935. Мой любимый предмет в школе - физика,Мой любимый предмет в школе - физика
936. Я люблю кататься на коньках зимой,Я люблю кататься на коньках зимой
"937. У меня есть младшая сестра, ей 49 лет","У меня есть младшая сестра, ей 49 лет"
938. Сегодня я пойду в магазин с папой,Сегодня я пойду в магазин с папой
939. Мне нравится читать книги про приключения,Мне нравится читать книги про приключения
"940. Я люблю есть шашлыки, особенно из курицы","Я люблю есть шашлыки, особенно из курицы"
941. У меня есть домашнее задание по химии,У меня есть домашнее задание по химии
942. Сегодня я буду делать презентацию по географии,Сегодня я буду делать презентацию по географии
"943. Мой друг имеет кота, его зовут Вася","Мой друг имеет кота, его зовут Вася"
944. Я люблю играть в футбол с друзьями,Я люблю играть в футбол с друзьями
"945. У меня есть бабушка, она очень добрая","У меня есть бабушка, она очень добрая"
946. Сегодня я пойду в библиотеку с семьей,Сегодня я пойду в библиотеку с семьей
947. Мне нравится смотреть фильмы про комедию,Мне нравится смотреть фильмы про комедию
"948. Я люблю есть пиццу, особенно с pepperoni","Я люблю есть пиццу, особенно с pepperoni"
949. У меня есть домашняя работа по биологии,У меня есть домашняя работа по биологии
950. Сегодня я буду делать проект по истории,Сегодня я буду делать проект по истории
951. Мой любимый сезон - осень,Мой любимый сезон - осень
952. Я люблю кататься на велосипеде по городу,Я люблю кататься на велосипеде по городу
"953. У меня есть младший брат, ему 53 лет","У меня есть младший брат, ему 53 лет"
954. Сегодня я пойду в зоопарк с друзьями,Сегодня я пойду в зоопарк с друзьями
"955. Мне нравится слушать музыку, особенно поп-музыку","Мне нравится слушать музыку, особенно поп-музыку"
"956. Я люблю есть суши, особенно с лососем","Я люблю есть суши, особенно с лососем"
957. У меня есть домашнее задание по английскому языку,У меня есть домашнее задание по английскому языку
958. Сегодня я буду делать презентацию по науке,Сегодня я буду делать презентацию по науке
"959. Мой друг имеет собаку, ее зовут Дина","Мой друг имеет собаку, ее зовут Дина"
960. Я люблю играть в шахматы с друзьями,Я люблю играть в шахматы с друзьями
"961. У меня есть бабушка, она очень мудрая","У меня есть бабушка, она очень мудрая"
962. Сегодня я пойду в парк с семьей,Сегодня я пойду в парк с семьей
963. Мне нравится читать книги про фэнтези,Мне нравится читать книги про фэнтези
"964. Я люблю есть морепродукты, особенно креветки","Я люблю есть морепродукты, особенно креветки"
965. У меня есть домашнее задание по информатике,У меня есть домашнее задание по информатике
966. Сегодня я буду смотреть фильм про детектив,Сегодня я буду смотреть фильм про детектив
967. Мой любимый спорт - баскетбол,Мой любимый спорт - баскетбол
968. Я люблю играть в видеоигры с друзьями,Я люблю играть в видеоигры с друзьями
"969. У меня есть младший брат, ему 54 лет","У меня есть младший брат, ему 54 лет"
970. Сегодня я пойду в бассейн с семьей,Сегодня я пойду в бассейн с семьей
"971. Мне нравится слушать музыку, особенно классику","Мне нравится слушать музыку, особенно классику"
"972. Я люблю есть торты, особенно с клубникой","Я люблю есть торты, особенно с клубникой"
973. У меня есть домашняя работа по математике,У меня есть домашняя работа по математике
974. Сегодня я буду делать проект по экологии,Сегодня я буду делать проект по экологии
975. Мой любимый предмет в школе - физика,Мой любимый предмет в школе - физика
976. Я люблю кататься на коньках зимой,Я люблю кататься на коньках зимой
"977. У меня есть младшая сестра, ей 51 лет","У меня есть младшая сестра, ей 51 лет"
978. Сегодня я пойду в магазин с папой,Сегодня я пойду в магазин с папой
979. Мне нравится читать книги про приключения,Мне нравится читать книги про приключения
"980. Я люблю есть шашлыки, особенно из курицы","Я люблю есть шашлыки, особенно из курицы"
981. У меня есть домашнее задание по химии,У меня есть домашнее задание по химии
982. Сегодня я буду делать презентацию по географии,Сегодня я буду делать презентацию по географии
"983. Мой друг имеет кота, его зовут Вася","Мой друг имеет кота, его зовут Вася"
984. Я люблю играть в футбол с друзьями,Я люблю играть в футбол с друзьями
"985. У меня есть бабушка, она очень добрая","У меня есть бабушка, она очень добрая"
986. Сегодня я пойду в библиотеку с семьей,Сегодня я пойду в библиотеку с семьей
987. Мне нравится смотреть фильмы про комедию,Мне нравится смотреть фильмы про комедию
"988. Я люблю есть пиццу, особенно с pepperoni","Я люблю есть пиццу, особенно с pepperoni"
989. У меня есть домашняя работа по биологии,У меня есть домашняя работа по биологии
990. Сегодня я буду делать проект по истории,Сегодня я буду делать проект по истории
991. Мой любимый сезон - осень,Мой любимый сезон - осень
992. Я люблю кататься на велосипеде по городу,Я люблю кататься на велосипеде по городу
"993. У меня есть младший брат, ему 55 лет","У меня есть младший брат, ему 55 лет"
994. Сегодня я пойду в зоопарк с друзьями,Сегодня я пойду в зоопарк с друзьями
"995. Мне нравится слушать музыку, особенно поп-музыку","Мне нравится слушать музыку, особенно поп-музыку"
"996. Я люблю есть суши, особенно с лососем","Я люблю есть суши, особенно с лососем"
997. У меня есть домашнее задание по английскому языку,У меня есть домашнее задание по английскому языку
998. Сегодня я буду делать презентацию по науке,Сегодня я буду делать презентацию по науке
"999. Мой друг имеет собаку, ее зовут Дина","Мой друг имеет собаку, ее зовут Дина"
1000. Я люблю играть в шахматы с друзьями,Я люблю играть в шахматы с друзьями
"1001. У меня есть бабушка, она очень мудрая","У меня есть бабушка, она очень мудрая"
1002. Сегодня я пойду в парк с семьей,Сегодня я пойду в парк с семьей
1003. Мне нравится читать книги про фэнтези,Мне нравится читать книги про фэнтези
"1004. Я люблю есть морепродукты, особенно креветки","Я люблю есть морепродукты, особенно креветки"
1005. У меня есть домашнее задание по информатике,У меня есть домашнее задание по информатике
1006. Сегодня я буду смотреть фильм про детектив,Сегодня я буду смотреть фильм про детектив
1007. Мой любимый спорт - баскетбол,Мой любимый спорт - баскетбол
1008. Я люблю играть в видеоигры с друзьями,Я люблю играть в видеоигры с друзьями
"1009. У меня есть младший брат, ему 56 лет","У меня есть младший брат, ему 56 лет"
1010. Сегодня я пойду в бассейн с семьей,Сегодня я пойду в бассейн с семьей
"1011. Мне нравится слушать музыку, особенно классику","Мне нравится слушать музыку, особенно классику"
"1012. Я люблю есть торты, особенно с клубникой","Я люблю есть торты, особенно с клубникой"
1013. У меня есть домашняя работа по математике,У меня есть домашняя работа по математике
1014. Сегодня я буду делать проект по экологии,Сегодня я буду делать проект по экологии
1015. Мой любимый предмет в школе - физика,Мой любимый предмет в школе - физика
1016. Я люблю кататься на коньках зимой,Я люблю кататься на коньках зимой
"1017. У меня есть младшая сестра, ей 53 лет","У меня есть младшая сестра, ей 53 лет"
1018. Сегодня я пойду в магазин с папой,Сегодня я пойду в магазин с папой
1019. Мне нравится читать книги про приключения,Мне нравится читать книги про приключения
"1020. Я люблю есть шашлыки, особенно из курицы","Я люблю есть шашлыки, особенно из курицы"
1021. У меня есть домашнее задание по химии,У меня есть домашнее задание по химии
1022. Сегодня я буду делать презентацию по географии,Сегодня я буду делать презентацию по географии
"1023. Мой друг имеет кота, его зовут Вася","Мой друг имеет кота, его зовут Вася"
1024. Я люблю играть в футбол с друзьями,Я люблю играть в футбол с друзьями
"1025. У меня есть бабушка, она очень добрая","У меня есть бабушка, она очень добрая"
1026. Сегодня я пойду в библиотеку с семьей,Сегодня я пойду в библиотеку с семьей
1027. Мне нравится смотреть фильмы про комедию,Мне нравится смотреть фильмы про комедию
"1028. Я люблю есть пиццу, особенно с pepperoni","Я люблю есть пиццу, особенно с pepperoni"
1029. У меня есть домашняя работа по биологии,У меня есть домашняя работа по биологии
1030. Сегодня я буду делать проект по истории,Сегодня я буду делать проект по истории
1031. Мой любимый сезон - осень,Мой любимый сезон - осень
1032. Я люблю кататься на велосипеде по городу,Я люблю кататься на велосипеде по городу
"1033. У меня есть младший брат, ему 57 лет","У меня есть младший брат, ему 57 лет"
1034. Сегодня я пойду в зоопарк с друзьями,Сегодня я пойду в зоопарк с друзьями
"1035. Мне нравится слушать музыку, особенно поп-музыку","Мне нравится слушать музыку, особенно поп-музыку"
"1036. Я люблю есть суши, особенно с лососем","Я люблю есть суши, особенно с лососем"
1037. У меня есть домашнее задание по английскому языку,У меня есть домашнее задание по английскому языку
1038. Сегодня я буду делать презентацию по науке,Сегодня я буду делать презентацию по науке
"1039. Мой друг имеет собаку, ее зовут Дина","Мой друг имеет собаку, ее зовут Дина"
1040. Я люблю играть в шахматы с друзьями,Я люблю играть в шахматы с друзьями
"1041. У меня есть бабушка, она очень мудрая","У меня есть бабушка, она очень мудрая"
1042. Сегодня я пойду в парк с семьей,Сегодня я пойду в парк с семьей
1043. Мне нравится читать книги про фэнтези,Мне нравится читать книги про фэнтези
"1044. Я люблю есть морепродукты, особенно креветки","Я люблю есть морепродукты, особенно креветки"
1045. У меня есть домашнее задание по информатике,У меня есть домашнее задание по информатике
1046. Сегодня я буду смотреть фильм про детектив,Сегодня я буду смотреть фильм про детектив
1047. Мой любимый спорт - баскетбол,Мой любимый спорт - баскетбол
1048. Я люблю играть в видеоигры с друзьями,Я люблю играть в видеоигры с друзьями
"1049. У меня есть младший брат, ему 58 лет","У меня есть младший брат, ему 58 лет"
1050. Сегодня я пойду в бассейн с семьей,Сегодня я пойду в бассейн с семьей
"1051. Мне нравится слушать музыку, особенно классику","Мне нравится слушать музыку, особенно классику"
"1052. Я люблю есть торты, особенно с клубникой","Я люблю есть торты, особенно с клубникой"
1053. У меня есть домашняя работа по математике,У меня есть домашняя работа по математике
1054. Сегодня я буду делать проект по экологии,Сегодня я буду делать проект по экологии
1055. Мой любимый предмет в школе - физика,Мой любимый предмет в школе - физика
1056. Я люблю кататься на коньках зимой,Я люблю кататься на коньках зимой
"1057. У меня есть младшая сестра, ей 55 лет","У меня есть младшая сестра, ей 55 лет"
1058. Сегодня я пойду в магазин с папой,Сегодня я пойду в магазин с папой
1059. Мне нравится читать книги про приключения,Мне нравится читать книги про приключения
"1060. Я люблю есть шашлыки, особенно из курицы","Я люблю есть шашлыки, особенно из курицы"
1061. У меня есть домашнее задание по химии,У меня есть домашнее задание по химии
1062. Сегодня я буду делать презентацию по географии,Сегодня я буду делать презентацию по географии
"1063. Мой друг имеет кота, его зовут Вася","Мой друг имеет кота, его зовут Вася"
1064. Я люблю играть в футбол с друзьями,Я люблю играть в футбол с друзьями
"1065. У меня есть бабушка, она очень добрая","У меня есть бабушка, она очень добрая"
1066. Сегодня я пойду в библиотеку с семьей,Сегодня я пойду в библиотеку с семьей
1067. Мне нравится смотреть фильмы про комедию,Мне нравится смотреть фильмы про комедию
"1068. Я люблю есть пиццу, особенно с pepperoni","Я люблю есть пиццу, особенно с pepperoni"
1069. У меня есть домашняя работа по биологии,У меня есть домашняя работа по биологии
1070. Сегодня я буду делать проект по истории,Сегодня я буду делать проект по истории
1071. Мой любимый сезон - осень,Мой любимый сезон - осень
1072. Я люблю кататься на велосипеде по городу,Я люблю кататься на велосипеде по городу
"1073. У меня есть младший брат, ему 59 лет","У меня есть младший брат, ему 59 лет"
1074. Сегодня я пойду в зоопарк с друзьями,Сегодня я пойду в зоопарк с друзьями
"1075. Мне нравится слушать музыку, особенно поп-музыку","Мне нравится слушать музыку, особенно поп-музыку"
"1076. Я люблю есть суши, особенно с лососем","Я люблю есть суши, особенно с лососем"
1077. У меня есть домашнее задание по английскому языку,У меня есть домашнее задание по английскому языку
1078. Сегодня я буду делать презентацию по науке,Сегодня я буду делать презентацию по науке
"1079. Мой друг имеет собаку, ее зовут Дина","Мой друг имеет собаку, ее зовут Дина"
1080. Я люблю играть в шахматы с друзьями,Я люблю играть в шахматы с друзьями
"1081. У меня есть бабушка, она очень мудрая","У меня есть бабушка, она очень мудрая"
1082. Сегодня я пойду в парк с семьей,Сегодня я пойду в парк с семьей
1083. Мне нравится читать книги про фэнтези,Мне нравится читать книги про фэнтези
"1084. Я люблю есть морепродукты, особенно креветки","Я люблю есть морепродукты, особенно креветки"
1085. У меня есть домашнее задание по информатике,У меня есть домашнее задание по информатике
1086. Сегодня я буду смотреть фильм про детектив,Сегодня я буду смотреть фильм про детектив
1087. Мой любимый спорт - баскетбол,Мой любимый спорт - баскетбол
1088. Я люблю играть в видеоигры с друзьями,Я люблю играть в видеоигры с друзьями
"1089. У меня есть младший брат, ему 60 лет","У меня есть младший брат, ему 60 лет"
1090. Сегодня я пойду в бассейн с семьей,Сегодня я пойду в бассейн с семьей
"1091. Мне нравится слушать музыку, особенно классику","Мне нравится слушать музыку, особенно классику"
"1092. Я люблю есть торты, особенно с клубникой","Я люблю есть торты, особенно с клубникой"
1093. У меня есть домашняя работа по математике,У меня есть домашняя работа по математике
1094. Сегодня я буду делать проект по экологии,Сегодня я буду делать проект по экологии
1095. Мой любимый предмет в школе - физика,Мой любимый предмет в школе - физика
1096. Я люблю кататься на коньках зимой,Я люблю кататься на коньках зимой
"1097. У меня есть младшая сестра, ей 57 лет","У меня есть младшая сестра, ей 57 лет"
1098. Сегодня я пойду в магазин с папой,Сегодня я пойду в магазин с папой
1099. Мне нравится читать книги про приключения,Мне нравится читать книги про приключения
"1100. Я люблю есть шашлыки, особенно из курицы","Я люблю есть шашлыки, особенно из курицы"
1101. У меня есть домашнее задание по химии,У меня есть домашнее задание по химии
1102. Сегодня я буду делать презентацию по географии,Сегодня я буду делать презентацию по географии
"1103. Мой друг имеет кота, его зовут Вася","Мой друг имеет кота, его зовут Вася"
1104. Я люблю играть в футбол с друзьями,Я люблю играть в футбол с друзьями
"1105. У меня есть бабушка, она очень добрая","У меня есть бабушка, она очень добрая"
1106. Сегодня я пойду в библиотеку с семьей,Сегодня я пойду в библиотеку с семьей
1107. Мне нравится смотреть фильмы про комедию,Мне нравится смотреть фильмы про комедию
"1108. Я люблю есть пиццу, особенно с pepperoni","Я люблю есть пиццу, особенно с pepperoni"
1109. У меня есть домашняя работа по биологии,У меня есть домашняя работа по биологии
1110. Сегодня я буду делать проект по истории,Сегодня я буду делать проект по истории
1111. Мой любимый сезон - осень,Мой любимый сезон - осень
1112. Я люблю кататься на велосипеде по городу,Я люблю кататься на велосипеде по городу
"1113. У меня есть младший брат, ему 61 лет","У меня есть младший брат, ему 61 лет"
1114. Сегодня я пойду в зоопарк с друзьями,Сегодня я пойду в зоопарк с друзьями
"1115. Мне нравится слушать музыку, особенно поп-музыку","Мне нравится слушать музыку, особенно поп-музыку"
"1116. Я люблю есть суши, особенно с лососем","Я люблю есть суши, особенно с лососем"
1117. У меня есть домашнее задание по английскому языку,У меня есть домашнее задание по английскому языку
1118. Сегодня я буду делать презентацию по науке,Сегодня я буду делать презентацию по науке
"1119. Мой друг имеет собаку, ее зовут Дина","Мой друг имеет собаку, ее зовут Дина"
1120. Я люблю играть в шахматы с друзьями,Я люблю играть в шахматы с друзьями
"1121. У меня есть бабушка, она очень мудрая","У меня есть бабушка, она очень мудрая"
1122. Сегодня я пойду в парк с семьей,Сегодня я пойду в парк с семьей
1123. Мне нравится читать книги про фэнтези,Мне нравится читать книги про фэнтези
"1124. Я люблю есть морепродукты, особенно креветки","Я люблю есть морепродукты, особенно креветки"
1125. У меня есть домашнее задание по информатике,У меня есть домашнее задание по информатике
1126. Сегодня я буду смотреть фильм про детектив,Сегодня я буду смотреть фильм про детектив
1127. Мой любимый спорт - баскетбол,Мой любимый спорт - баскетбол
1128. Я люблю играть в видеоигры с друзьями,Я люблю играть в видеоигры с друзьями
"1129. У меня есть младший брат, ему 62 лет","У меня есть младший брат, ему 62 лет"
1130. Сегодня я пойду в бассейн с семьей,Сегодня я пойду в бассейн с семьей
"1131. Мне нравится слушать музыку, особенно классику","Мне нравится слушать музыку, особенно классику"
"1132. Я люблю есть торты, особенно с клубникой","Я люблю есть торты, особенно с клубникой"
1133. У меня есть домашняя работа по математике,У меня есть домашняя работа по математике
1134. Сегодня я буду делать проект по экологии,Сегодня я буду делать проект по экологии
1135. Мой любимый предмет в школе - физика,Мой любимый предмет в школе - физика
1136. Я люблю кататься на коньках зимой,Я люблю кататься на коньках зимой
"1137. У меня есть младшая сестра, ей 59 лет","У меня есть младшая сестра, ей 59 лет"
1138. Сегодня я пойду в магазин с папой,Сегодня я пойду в магазин с папой
1139. Мне нравится читать книги про приключения,Мне нравится читать книги про приключения
"1140. Я люблю есть шашлыки, особенно из курицы",Я люб
